filename,true_label,predicted_label
angry0.jpg,angry,surprise
angry1.jpg,angry,sad
angry10.jpg,angry,angry
angry100.jpg,angry,angry
angry101.jpg,angry,surprise
angry102.jpg,angry,sad
angry103.jpg,angry,angry
angry104.jpg,angry,angry
angry105.jpg,angry,angry
angry106.jpg,angry,angry
angry107.jpg,angry,angry
angry108.jpg,angry,sad
angry109.jpg,angry,angry
angry11.jpg,angry,angry
angry110.jpg,angry,angry
angry111.jpg,angry,disgust
angry112.jpg,angry,angry
angry113.jpg,angry,angry
angry114.jpg,angry,disgust
angry115.jpg,angry,fear
angry116.jpg,angry,disgust
angry117.jpg,angry,angry
angry118.jpg,angry,disgust
angry119.jpg,angry,angry
angry12.jpg,angry,angry
angry120.jpg,angry,angry
angry121.jpg,angry,angry
angry122.jpg,angry,angry
angry123.jpg,angry,angry
angry124.jpg,angry,angry
angry125.jpg,angry,angry
angry126.jpg,angry,angry
angry127.jpg,angry,angry
angry128.jpg,angry,angry
angry129.jpg,angry,disgust
angry13.jpg,angry,disgust
angry130.jpg,angry,sad
angry131.jpg,angry,sad
angry132.jpg,angry,angry
angry133.jpg,angry,angry
angry134.jpg,angry,angry
angry135.jpg,angry,angry
angry136.jpg,angry,disgust
angry137.jpg,angry,angry
angry138.jpg,angry,angry
angry139.jpg,angry,disgust
angry14.jpg,angry,angry
angry140.jpg,angry,angry
angry141.jpg,angry,angry
angry142.jpg,angry,angry
angry143.jpg,angry,angry
angry144.jpg,angry,angry
angry145.jpg,angry,angry
angry146.jpg,angry,angry
angry147.jpg,angry,angry
angry148.jpg,angry,angry
angry149.jpg,angry,disgust
angry15.jpg,angry,angry
angry150.jpg,angry,angry
angry151.jpg,angry,angry
angry152.jpg,angry,angry
angry153.jpg,angry,angry
angry154.jpg,angry,angry
angry155.jpg,angry,angry
angry156.jpg,angry,angry
angry157.jpg,angry,angry
angry158.jpg,angry,surprise
angry159.jpg,angry,angry
angry16.jpg,angry,angry
angry160.jpg,angry,angry
angry161.jpg,angry,angry
angry162.jpg,angry,disgust
angry163.jpg,angry,disgust
angry164.jpg,angry,angry
angry165.jpg,angry,angry
angry166.jpg,angry,angry
angry167.jpg,angry,angry
angry168.jpg,angry,angry
angry169.jpg,angry,surprise
angry17.jpg,angry,angry
angry170.jpg,angry,angry
angry171.jpg,angry,angry
angry172.jpg,angry,angry
angry173.jpg,angry,angry
angry174.jpg,angry,angry
angry175.jpg,angry,angry
angry176.jpg,angry,angry
angry177.jpg,angry,angry
angry178.jpg,angry,angry
angry179.jpg,angry,angry
angry18.jpg,angry,angry
angry180.jpg,angry,angry
angry181.jpg,angry,angry
angry182.jpg,angry,disgust
angry183.jpg,angry,angry
angry185.jpg,angry,surprise
angry186.jpg,angry,angry
angry187.jpg,angry,angry
angry188.jpg,angry,sad
angry189.jpg,angry,angry
angry19.jpg,angry,sad
angry190.jpg,angry,angry
angry191.jpg,angry,angry
angry192.jpg,angry,angry
angry193.jpg,angry,angry
angry194.jpg,angry,angry
angry195.jpg,angry,disgust
angry196.jpg,angry,surprise
angry197.jpg,angry,angry
angry198.jpg,angry,angry
angry199.jpg,angry,angry
angry2.jpg,angry,disgust
angry20.jpg,angry,angry
angry200.jpg,angry,angry
angry201.jpg,angry,angry
angry202.jpg,angry,angry
angry203.jpg,angry,angry
angry204.jpg,angry,sad
angry205.jpg,angry,angry
angry206.jpg,angry,disgust
angry207.jpg,angry,angry
angry209.jpg,angry,angry
angry21.jpg,angry,angry
angry210.jpg,angry,angry
angry211.jpg,angry,angry
angry212.jpg,angry,angry
angry213.jpg,angry,angry
angry214.jpg,angry,disgust
angry215.jpg,angry,angry
angry216.jpg,angry,angry
angry217.jpg,angry,angry
angry219.jpg,angry,sad
angry22.jpg,angry,surprise
angry220.jpg,angry,angry
angry221.jpg,angry,angry
angry222.jpg,angry,angry
angry223.jpg,angry,happy
angry224.jpg,angry,disgust
angry225.jpg,angry,angry
angry226.jpg,angry,angry
angry227.jpg,angry,angry
angry228.jpg,angry,angry
angry229.jpg,angry,angry
angry23.jpg,angry,angry
angry230.jpg,angry,disgust
angry231.jpg,angry,disgust
angry232.jpg,angry,angry
angry233.jpg,angry,angry
angry234.jpg,angry,angry
angry235.jpg,angry,angry
angry236.jpg,angry,angry
angry237.jpg,angry,angry
angry238.jpg,angry,angry
angry239.jpg,angry,angry
angry24.jpg,angry,angry
angry240.jpg,angry,angry
angry241.jpg,angry,disgust
angry242.jpg,angry,disgust
angry243.jpg,angry,disgust
angry244.jpg,angry,angry
angry245.jpg,angry,sad
angry246.jpg,angry,angry
angry247.jpg,angry,angry
angry248.jpg,angry,angry
angry249.jpg,angry,disgust
angry25.jpg,angry,surprise
angry250.jpg,angry,disgust
angry251.jpg,angry,angry
angry253.jpg,angry,angry
angry254.jpg,angry,disgust
angry255.jpg,angry,angry
angry256.jpg,angry,disgust
angry257.jpg,angry,angry
angry258.jpg,angry,angry
angry259.jpg,angry,disgust
angry26.jpg,angry,angry
angry260.jpg,angry,angry
angry261.jpg,angry,angry
angry262.jpg,angry,sad
angry263.jpg,angry,angry
angry264.jpg,angry,angry
angry265.jpg,angry,surprise
angry266.jpg,angry,sad
angry267.jpg,angry,angry
angry268.jpg,angry,angry
angry269.jpg,angry,surprise
angry27.jpg,angry,angry
angry270.jpg,angry,fear
angry271.jpg,angry,angry
angry272.jpg,angry,sad
angry273.jpg,angry,angry
angry274.jpg,angry,disgust
angry275.jpg,angry,disgust
angry276.jpg,angry,disgust
angry277.jpg,angry,angry
angry278.jpg,angry,disgust
angry279.jpg,angry,angry
angry28.jpg,angry,angry
angry280.jpg,angry,angry
angry281.jpg,angry,disgust
angry282.jpg,angry,disgust
angry283.jpg,angry,angry
angry284.jpg,angry,disgust
angry285.jpg,angry,angry
angry286.jpg,angry,angry
angry287.jpg,angry,surprise
angry288.jpg,angry,angry
angry289.jpg,angry,angry
angry29.jpg,angry,sad
angry290.jpg,angry,angry
angry291.jpg,angry,angry
angry292.jpg,angry,angry
angry293.jpg,angry,angry
angry294.jpg,angry,disgust
angry295.jpg,angry,angry
angry296.jpg,angry,disgust
angry297.jpg,angry,angry
angry298.jpg,angry,angry
angry299.jpg,angry,sad
angry3.jpg,angry,angry
angry30.jpg,angry,angry
angry300.jpg,angry,disgust
angry301.jpg,angry,disgust
angry302.jpg,angry,angry
angry303.jpg,angry,disgust
angry304.jpg,angry,angry
angry305.jpg,angry,angry
angry306.jpg,angry,angry
angry307.jpg,angry,angry
angry308.jpg,angry,angry
angry309.jpg,angry,angry
angry31.jpg,angry,angry
angry310.jpg,angry,disgust
angry311.jpg,angry,disgust
angry312.jpg,angry,sad
angry313.jpg,angry,disgust
angry314.jpg,angry,angry
angry315.jpg,angry,angry
angry316.jpg,angry,angry
angry317.jpg,angry,fear
angry318.jpg,angry,angry
angry319.jpg,angry,angry
angry32.jpg,angry,angry
angry320.jpg,angry,angry
angry321.jpg,angry,angry
angry322.jpg,angry,angry
angry323.jpg,angry,angry
angry324.jpg,angry,angry
angry325.jpg,angry,angry
angry326.jpg,angry,angry
angry327.jpg,angry,angry
angry328.jpg,angry,angry
angry329.jpg,angry,angry
angry33.jpg,angry,angry
angry330.jpg,angry,surprise
angry331.jpg,angry,fear
angry332.jpg,angry,angry
angry333.jpg,angry,sad
angry334.jpg,angry,angry
angry335.jpg,angry,angry
angry336.jpg,angry,angry
angry337.jpg,angry,angry
angry338.jpg,angry,disgust
angry339.jpg,angry,angry
angry34.jpg,angry,angry
angry340.jpg,angry,fear
angry341.jpg,angry,angry
angry342.jpg,angry,angry
angry343.jpg,angry,disgust
angry344.jpg,angry,angry
angry345.jpg,angry,fear
angry346.jpg,angry,angry
angry347.jpg,angry,angry
angry348.jpg,angry,angry
angry349.jpg,angry,fear
angry35.jpg,angry,angry
angry350.jpg,angry,angry
angry351.jpg,angry,angry
angry352.jpg,angry,angry
angry353.jpg,angry,angry
angry354.jpg,angry,angry
angry355.jpg,angry,angry
angry356.jpg,angry,angry
angry357.jpg,angry,angry
angry358.jpg,angry,angry
angry359.jpg,angry,angry
angry36.jpg,angry,angry
angry360.jpg,angry,angry
angry361.jpg,angry,angry
angry362.jpg,angry,disgust
angry363.jpg,angry,disgust
angry364.jpg,angry,angry
angry365.jpg,angry,disgust
angry366.jpg,angry,angry
angry367.jpg,angry,angry
angry368.jpg,angry,sad
angry369.jpg,angry,disgust
angry37.jpg,angry,angry
angry370.jpg,angry,angry
angry371.jpg,angry,disgust
angry372.jpg,angry,angry
angry373.jpg,angry,disgust
angry374.jpg,angry,disgust
angry375.jpg,angry,angry
angry376.jpg,angry,angry
angry378.jpg,angry,angry
angry379.jpg,angry,angry
angry38.jpg,angry,angry
angry380.jpg,angry,fear
angry381.jpg,angry,angry
angry382.jpg,angry,angry
angry383.jpg,angry,surprise
angry384.jpg,angry,angry
angry385.jpg,angry,angry
angry386.jpg,angry,surprise
angry387.jpg,angry,angry
angry388.jpg,angry,disgust
angry389.jpg,angry,surprise
angry39.jpg,angry,disgust
angry390.jpg,angry,angry
angry391.jpg,angry,disgust
angry392.jpg,angry,fear
angry393.jpg,angry,disgust
angry394.jpg,angry,angry
angry395.jpg,angry,angry
angry396.jpg,angry,angry
angry397.jpg,angry,angry
angry398.jpg,angry,angry
angry399.jpg,angry,angry
angry4.jpg,angry,sad
angry40.jpg,angry,angry
angry400.jpg,angry,angry
angry401.jpg,angry,angry
angry402.jpg,angry,sad
angry403.jpg,angry,angry
angry404.jpg,angry,angry
angry405.jpg,angry,angry
angry406.jpg,angry,angry
angry407.jpg,angry,angry
angry408.jpg,angry,sad
angry409.jpg,angry,disgust
angry41.jpg,angry,angry
angry410.jpg,angry,angry
angry411.jpg,angry,angry
angry412.jpg,angry,angry
angry413.jpg,angry,disgust
angry414.jpg,angry,fear
angry415.jpg,angry,angry
angry416.jpg,angry,angry
angry417.jpg,angry,angry
angry418.jpg,angry,angry
angry419.jpg,angry,angry
angry42.jpg,angry,angry
angry420.jpg,angry,angry
angry421.jpg,angry,angry
angry422.jpg,angry,disgust
angry423.jpg,angry,angry
angry424.jpg,angry,surprise
angry425.jpg,angry,angry
angry426.jpg,angry,surprise
angry427.jpg,angry,angry
angry428.jpg,angry,angry
angry429.jpg,angry,angry
angry43.jpg,angry,angry
angry430.jpg,angry,angry
angry431.jpg,angry,angry
angry432.jpg,angry,surprise
angry433.jpg,angry,angry
angry434.jpg,angry,angry
angry435.jpg,angry,disgust
angry436.jpg,angry,sad
angry437.jpg,angry,fear
angry438.jpg,angry,sad
angry439.jpg,angry,angry
angry44.jpg,angry,sad
angry440.jpg,angry,angry
angry441.jpg,angry,disgust
angry442.jpg,angry,angry
angry443.jpg,angry,sad
angry444.jpg,angry,angry
angry445.jpg,angry,angry
angry446.jpg,angry,disgust
angry447.jpg,angry,angry
angry448.jpg,angry,angry
angry449.jpg,angry,angry
angry45.jpg,angry,disgust
angry450.jpg,angry,angry
angry452.jpg,angry,angry
angry453.jpg,angry,angry
angry454.jpg,angry,angry
angry455.jpg,angry,disgust
angry456.jpg,angry,angry
angry457.jpg,angry,angry
angry458.jpg,angry,disgust
angry459.jpg,angry,angry
angry46.jpg,angry,angry
angry460.jpg,angry,disgust
angry461.jpg,angry,angry
angry462.jpg,angry,angry
angry463.jpg,angry,sad
angry464.jpg,angry,angry
angry465.jpg,angry,angry
angry466.jpg,angry,angry
angry467.jpg,angry,angry
angry468.jpg,angry,sad
angry469.jpg,angry,angry
angry47.jpg,angry,angry
angry470.jpg,angry,angry
angry471.jpg,angry,angry
angry472.jpg,angry,angry
angry473.jpg,angry,angry
angry474.jpg,angry,angry
angry475.jpg,angry,angry
angry476.jpg,angry,angry
angry478.jpg,angry,fear
angry479.jpg,angry,angry
angry48.jpg,angry,angry
angry480.jpg,angry,angry
angry481.jpg,angry,angry
angry482.jpg,angry,angry
angry483.jpg,angry,angry
angry484.jpg,angry,angry
angry485.jpg,angry,angry
angry486.jpg,angry,angry
angry487.jpg,angry,surprise
angry488.jpg,angry,angry
angry489.jpg,angry,angry
angry49.jpg,angry,disgust
angry490.jpg,angry,angry
angry491.jpg,angry,angry
angry492.jpg,angry,angry
angry493.jpg,angry,surprise
angry494.jpg,angry,disgust
angry495.jpg,angry,angry
angry496.jpg,angry,angry
angry497.jpg,angry,angry
angry498.jpg,angry,disgust
angry499.jpg,angry,angry
angry5.jpg,angry,angry
angry50.jpg,angry,surprise
angry51.jpg,angry,disgust
angry52.jpg,angry,angry
angry53.jpg,angry,angry
angry54.jpg,angry,angry
angry55.jpg,angry,angry
angry56.jpg,angry,disgust
angry57.jpg,angry,angry
angry58.jpg,angry,angry
angry59.jpg,angry,angry
angry6.jpg,angry,angry
angry60.jpg,angry,angry
angry61.jpg,angry,angry
angry62.jpg,angry,angry
angry63.jpg,angry,angry
angry65.jpg,angry,angry
angry66.jpg,angry,angry
angry67.jpg,angry,disgust
angry68.jpg,angry,angry
angry69.jpg,angry,angry
angry7.jpg,angry,angry
angry70.jpg,angry,angry
angry71.jpg,angry,angry
angry73.jpg,angry,angry
angry74.jpg,angry,angry
angry75.jpg,angry,angry
angry76.jpg,angry,angry
angry77.jpg,angry,angry
angry78.jpg,angry,angry
angry79.jpg,angry,angry
angry8.jpg,angry,angry
angry80.jpg,angry,angry
angry81.jpg,angry,angry
angry82.jpg,angry,angry
angry83.jpg,angry,angry
disgust0.jpg,disgust,disgust
disgust1.jpg,disgust,disgust
disgust10.jpg,disgust,disgust
disgust100.jpg,disgust,surprise
disgust101.jpg,disgust,disgust
disgust102.jpg,disgust,disgust
disgust103.jpg,disgust,disgust
disgust104.jpg,disgust,surprise
disgust105.jpg,disgust,disgust
disgust106.jpg,disgust,disgust
disgust107.jpg,disgust,disgust
disgust108.jpg,disgust,disgust
disgust109.jpg,disgust,disgust
disgust11.jpg,disgust,angry
disgust110.jpg,disgust,disgust
disgust111.jpg,disgust,disgust
disgust112.jpg,disgust,disgust
disgust113.jpg,disgust,disgust
disgust114.jpg,disgust,surprise
disgust115.jpg,disgust,disgust
disgust116.jpg,disgust,disgust
disgust117.jpg,disgust,disgust
disgust118.jpg,disgust,angry
disgust119.jpg,disgust,disgust
disgust12.jpg,disgust,disgust
disgust120.jpg,disgust,disgust
disgust121.jpg,disgust,angry
disgust122.jpg,disgust,disgust
disgust123.jpg,disgust,disgust
disgust124.jpg,disgust,disgust
disgust125.jpg,disgust,disgust
disgust126.jpg,disgust,disgust
disgust127.jpg,disgust,surprise
disgust128.jpg,disgust,disgust
disgust129.jpg,disgust,angry
disgust13.jpg,disgust,disgust
disgust130.jpg,disgust,disgust
disgust131.jpg,disgust,disgust
disgust132.jpg,disgust,disgust
disgust133.jpg,disgust,disgust
disgust134.jpg,disgust,disgust
disgust135.jpg,disgust,surprise
disgust136.jpg,disgust,disgust
disgust137.jpg,disgust,disgust
disgust138.jpg,disgust,angry
disgust139.jpg,disgust,disgust
disgust14.jpg,disgust,disgust
disgust140.jpg,disgust,angry
disgust141.jpg,disgust,disgust
disgust142.jpg,disgust,disgust
disgust143.jpg,disgust,sad
disgust144.jpg,disgust,disgust
disgust145.jpg,disgust,sad
disgust146.jpg,disgust,angry
disgust147.jpg,disgust,disgust
disgust148.jpg,disgust,disgust
disgust149.jpg,disgust,angry
disgust15.jpg,disgust,disgust
disgust150.jpg,disgust,disgust
disgust151.jpg,disgust,disgust
disgust152.jpg,disgust,disgust
disgust153.jpg,disgust,disgust
disgust154.jpg,disgust,fear
disgust155.jpg,disgust,disgust
disgust156.jpg,disgust,disgust
disgust157.jpg,disgust,disgust
disgust158.jpg,disgust,angry
disgust159.jpg,disgust,disgust
disgust16.jpg,disgust,disgust
disgust160.jpg,disgust,disgust
disgust161.jpg,disgust,disgust
disgust162.jpg,disgust,disgust
disgust163.jpg,disgust,disgust
disgust164.jpg,disgust,surprise
disgust165.jpg,disgust,disgust
disgust166.jpg,disgust,angry
disgust167.jpg,disgust,disgust
disgust168.jpg,disgust,disgust
disgust169.jpg,disgust,disgust
disgust17.jpg,disgust,fear
disgust170.jpg,disgust,disgust
disgust171.jpg,disgust,angry
disgust172.jpg,disgust,angry
disgust173.jpg,disgust,disgust
disgust174.jpg,disgust,disgust
disgust175.jpg,disgust,disgust
disgust176.jpg,disgust,sad
disgust177.jpg,disgust,disgust
disgust178.jpg,disgust,disgust
disgust179.jpg,disgust,disgust
disgust18.jpg,disgust,disgust
disgust180.jpg,disgust,disgust
disgust181.jpg,disgust,fear
disgust182.jpg,disgust,disgust
disgust183.jpg,disgust,disgust
disgust184.jpg,disgust,disgust
disgust185.jpg,disgust,disgust
disgust186.jpg,disgust,disgust
disgust187.jpg,disgust,disgust
disgust188.jpg,disgust,disgust
disgust189.jpg,disgust,disgust
disgust19.jpg,disgust,disgust
disgust190.jpg,disgust,disgust
disgust191.jpg,disgust,disgust
disgust192.jpg,disgust,disgust
disgust193.jpg,disgust,disgust
disgust194.jpg,disgust,disgust
disgust195.jpg,disgust,angry
disgust196.jpg,disgust,sad
disgust197.jpg,disgust,disgust
disgust198.jpg,disgust,disgust
disgust199.jpg,disgust,disgust
disgust2.jpg,disgust,disgust
disgust20.jpg,disgust,surprise
disgust200.jpg,disgust,sad
disgust201.jpg,disgust,disgust
disgust202.jpg,disgust,surprise
disgust203.jpg,disgust,disgust
disgust204.jpg,disgust,disgust
disgust205.jpg,disgust,disgust
disgust206.jpg,disgust,disgust
disgust207.jpg,disgust,disgust
disgust208.jpg,disgust,disgust
disgust209.jpg,disgust,disgust
disgust21.jpg,disgust,disgust
disgust210.jpg,disgust,angry
disgust211.jpg,disgust,disgust
disgust212.jpg,disgust,surprise
disgust213.jpg,disgust,disgust
disgust214.jpg,disgust,disgust
disgust215.jpg,disgust,surprise
disgust216.jpg,disgust,disgust
disgust217.jpg,disgust,angry
disgust218.jpg,disgust,disgust
disgust219.jpg,disgust,disgust
disgust22.jpg,disgust,disgust
disgust220.jpg,disgust,sad
disgust221.jpg,disgust,disgust
disgust222.jpg,disgust,disgust
disgust223.jpg,disgust,disgust
disgust224.jpg,disgust,surprise
disgust225.jpg,disgust,disgust
disgust226.jpg,disgust,disgust
disgust227.jpg,disgust,disgust
disgust228.jpg,disgust,disgust
disgust229.jpg,disgust,disgust
disgust23.jpg,disgust,disgust
disgust230.jpg,disgust,disgust
disgust231.jpg,disgust,surprise
disgust232.jpg,disgust,fear
disgust233.jpg,disgust,disgust
disgust234.jpg,disgust,fear
disgust235.jpg,disgust,disgust
disgust236.jpg,disgust,disgust
disgust237.jpg,disgust,disgust
disgust238.jpg,disgust,angry
disgust239.jpg,disgust,angry
disgust24.jpg,disgust,disgust
disgust240.jpg,disgust,disgust
disgust241.jpg,disgust,angry
disgust242.jpg,disgust,disgust
disgust243.jpg,disgust,angry
disgust244.jpg,disgust,disgust
disgust245.jpg,disgust,angry
disgust246.jpg,disgust,surprise
disgust247.jpg,disgust,surprise
disgust248.jpg,disgust,surprise
disgust249.jpg,disgust,disgust
disgust25.jpg,disgust,surprise
disgust250.jpg,disgust,disgust
disgust251.jpg,disgust,sad
disgust252.jpg,disgust,disgust
disgust253.jpg,disgust,disgust
disgust254.jpg,disgust,surprise
disgust255.jpg,disgust,disgust
disgust256.jpg,disgust,disgust
disgust257.jpg,disgust,angry
disgust258.jpg,disgust,disgust
disgust259.jpg,disgust,fear
disgust26.jpg,disgust,disgust
disgust260.jpg,disgust,disgust
disgust261.jpg,disgust,angry
disgust262.jpg,disgust,disgust
disgust263.jpg,disgust,sad
disgust264.jpg,disgust,disgust
disgust265.jpg,disgust,disgust
disgust266.jpg,disgust,surprise
disgust267.jpg,disgust,disgust
disgust268.jpg,disgust,disgust
disgust269.jpg,disgust,disgust
disgust27.jpg,disgust,surprise
disgust270.jpg,disgust,disgust
disgust271.jpg,disgust,disgust
disgust272.jpg,disgust,angry
disgust273.jpg,disgust,surprise
disgust274.jpg,disgust,disgust
disgust275.jpg,disgust,disgust
disgust276.jpg,disgust,angry
disgust277.jpg,disgust,disgust
disgust278.jpg,disgust,disgust
disgust279.jpg,disgust,angry
disgust28.jpg,disgust,angry
disgust281.jpg,disgust,disgust
disgust282.jpg,disgust,disgust
disgust283.jpg,disgust,disgust
disgust284.jpg,disgust,angry
disgust285.jpg,disgust,disgust
disgust286.jpg,disgust,disgust
disgust287.jpg,disgust,sad
disgust288.jpg,disgust,disgust
disgust289.jpg,disgust,disgust
disgust29.jpg,disgust,disgust
disgust290.jpg,disgust,disgust
disgust291.jpg,disgust,disgust
disgust292.jpg,disgust,disgust
disgust293.jpg,disgust,disgust
disgust294.jpg,disgust,disgust
disgust295.jpg,disgust,angry
disgust296.jpg,disgust,disgust
disgust297.jpg,disgust,disgust
disgust298.jpg,disgust,disgust
disgust299.jpg,disgust,disgust
disgust3.jpg,disgust,disgust
disgust30.jpg,disgust,disgust
disgust300.jpg,disgust,disgust
disgust301.jpg,disgust,disgust
disgust302.jpg,disgust,sad
disgust303.jpg,disgust,surprise
disgust304.jpg,disgust,disgust
disgust305.jpg,disgust,disgust
disgust306.jpg,disgust,surprise
disgust307.jpg,disgust,disgust
disgust308.jpg,disgust,disgust
disgust309.jpg,disgust,disgust
disgust31.jpg,disgust,angry
disgust310.jpg,disgust,sad
disgust311.jpg,disgust,disgust
disgust312.jpg,disgust,angry
disgust313.jpg,disgust,surprise
disgust314.jpg,disgust,angry
disgust315.jpg,disgust,disgust
disgust316.jpg,disgust,disgust
disgust317.jpg,disgust,disgust
disgust318.jpg,disgust,angry
disgust319.jpg,disgust,disgust
disgust32.jpg,disgust,angry
disgust320.jpg,disgust,disgust
disgust321.jpg,disgust,disgust
disgust322.jpg,disgust,disgust
disgust323.jpg,disgust,sad
disgust324.jpg,disgust,disgust
disgust325.jpg,disgust,disgust
disgust326.jpg,disgust,disgust
disgust327.jpg,disgust,disgust
disgust328.jpg,disgust,surprise
disgust329.jpg,disgust,disgust
disgust33.jpg,disgust,disgust
disgust330.jpg,disgust,disgust
disgust331.jpg,disgust,disgust
disgust332.jpg,disgust,disgust
disgust333.jpg,disgust,disgust
disgust334.jpg,disgust,disgust
disgust335.jpg,disgust,angry
disgust336.jpg,disgust,disgust
disgust337.jpg,disgust,sad
disgust338.jpg,disgust,disgust
disgust339.jpg,disgust,disgust
disgust34.jpg,disgust,disgust
disgust340.jpg,disgust,disgust
disgust341.jpg,disgust,disgust
disgust342.jpg,disgust,disgust
disgust343.jpg,disgust,sad
disgust344.jpg,disgust,disgust
disgust345.jpg,disgust,sad
disgust346.jpg,disgust,disgust
disgust347.jpg,disgust,disgust
disgust348.jpg,disgust,disgust
disgust349.jpg,disgust,disgust
disgust35.jpg,disgust,angry
disgust350.jpg,disgust,disgust
disgust351.jpg,disgust,disgust
disgust352.jpg,disgust,surprise
disgust353.jpg,disgust,disgust
disgust354.jpg,disgust,disgust
disgust355.jpg,disgust,sad
disgust356.jpg,disgust,angry
disgust357.jpg,disgust,disgust
disgust358.jpg,disgust,disgust
disgust359.jpg,disgust,angry
disgust36.jpg,disgust,disgust
disgust360.jpg,disgust,disgust
disgust361.jpg,disgust,disgust
disgust362.jpg,disgust,surprise
disgust363.jpg,disgust,disgust
disgust364.jpg,disgust,sad
disgust365.jpg,disgust,surprise
disgust366.jpg,disgust,disgust
disgust367.jpg,disgust,surprise
disgust368.jpg,disgust,surprise
disgust369.jpg,disgust,disgust
disgust37.jpg,disgust,disgust
disgust370.jpg,disgust,disgust
disgust371.jpg,disgust,disgust
disgust372.jpg,disgust,disgust
disgust373.jpg,disgust,disgust
disgust374.jpg,disgust,angry
disgust375.jpg,disgust,disgust
disgust376.jpg,disgust,angry
disgust377.jpg,disgust,disgust
disgust378.jpg,disgust,angry
disgust379.jpg,disgust,disgust
disgust38.jpg,disgust,disgust
disgust380.jpg,disgust,disgust
disgust381.jpg,disgust,disgust
disgust382.jpg,disgust,disgust
disgust383.jpg,disgust,angry
disgust384.jpg,disgust,disgust
disgust385.jpg,disgust,disgust
disgust386.jpg,disgust,angry
disgust387.jpg,disgust,disgust
disgust388.jpg,disgust,disgust
disgust389.jpg,disgust,angry
disgust39.jpg,disgust,disgust
disgust390.jpg,disgust,disgust
disgust391.jpg,disgust,angry
disgust392.jpg,disgust,disgust
disgust393.jpg,disgust,fear
disgust394.jpg,disgust,disgust
disgust395.jpg,disgust,disgust
disgust396.jpg,disgust,surprise
disgust397.jpg,disgust,disgust
disgust398.jpg,disgust,disgust
disgust399.jpg,disgust,disgust
disgust4.jpg,disgust,sad
disgust40.jpg,disgust,angry
disgust400.jpg,disgust,disgust
disgust401.jpg,disgust,disgust
disgust402.jpg,disgust,sad
disgust403.jpg,disgust,disgust
disgust404.jpg,disgust,disgust
disgust405.jpg,disgust,disgust
disgust406.jpg,disgust,angry
disgust407.jpg,disgust,disgust
disgust408.jpg,disgust,disgust
disgust409.jpg,disgust,fear
disgust410.jpg,disgust,disgust
disgust411.jpg,disgust,disgust
disgust412.jpg,disgust,angry
disgust413.jpg,disgust,fear
disgust414.jpg,disgust,disgust
disgust415.jpg,disgust,disgust
disgust416.jpg,disgust,disgust
disgust417.jpg,disgust,sad
disgust418.jpg,disgust,disgust
disgust419.jpg,disgust,disgust
disgust42.jpg,disgust,disgust
disgust420.jpg,disgust,disgust
disgust421.jpg,disgust,disgust
disgust422.jpg,disgust,disgust
disgust423.jpg,disgust,sad
disgust424.jpg,disgust,angry
disgust425.jpg,disgust,disgust
disgust426.jpg,disgust,disgust
disgust427.jpg,disgust,disgust
disgust428.jpg,disgust,angry
disgust429.jpg,disgust,surprise
disgust43.jpg,disgust,disgust
disgust430.jpg,disgust,disgust
disgust431.jpg,disgust,angry
disgust432.jpg,disgust,disgust
disgust433.jpg,disgust,disgust
disgust434.jpg,disgust,angry
disgust435.jpg,disgust,disgust
disgust436.jpg,disgust,angry
disgust437.jpg,disgust,disgust
disgust438.jpg,disgust,disgust
disgust439.jpg,disgust,angry
disgust44.jpg,disgust,disgust
disgust440.jpg,disgust,disgust
disgust441.jpg,disgust,disgust
disgust442.jpg,disgust,disgust
disgust443.jpg,disgust,disgust
disgust444.jpg,disgust,disgust
disgust445.jpg,disgust,angry
disgust446.jpg,disgust,angry
disgust447.jpg,disgust,disgust
disgust448.jpg,disgust,disgust
disgust449.jpg,disgust,fear
disgust45.jpg,disgust,disgust
disgust450.jpg,disgust,disgust
disgust451.jpg,disgust,disgust
disgust452.jpg,disgust,disgust
disgust453.jpg,disgust,sad
disgust454.jpg,disgust,surprise
disgust455.jpg,disgust,disgust
disgust456.jpg,disgust,angry
disgust457.jpg,disgust,disgust
disgust458.jpg,disgust,angry
disgust459.jpg,disgust,disgust
disgust46.jpg,disgust,disgust
disgust460.jpg,disgust,surprise
disgust461.jpg,disgust,disgust
disgust462.jpg,disgust,angry
disgust463.jpg,disgust,angry
disgust464.jpg,disgust,angry
disgust465.jpg,disgust,angry
disgust466.jpg,disgust,disgust
disgust467.jpg,disgust,disgust
disgust468.jpg,disgust,disgust
disgust469.jpg,disgust,angry
disgust47.jpg,disgust,disgust
disgust470.jpg,disgust,disgust
disgust471.jpg,disgust,fear
disgust472.jpg,disgust,disgust
disgust473.jpg,disgust,disgust
disgust474.jpg,disgust,surprise
disgust475.jpg,disgust,disgust
disgust476.jpg,disgust,surprise
disgust477.jpg,disgust,disgust
disgust478.jpg,disgust,disgust
disgust479.jpg,disgust,disgust
disgust48.jpg,disgust,disgust
disgust480.jpg,disgust,disgust
disgust481.jpg,disgust,disgust
disgust482.jpg,disgust,disgust
disgust483.jpg,disgust,disgust
disgust484.jpg,disgust,disgust
disgust485.jpg,disgust,disgust
disgust486.jpg,disgust,angry
disgust487.jpg,disgust,disgust
disgust488.jpg,disgust,disgust
disgust489.jpg,disgust,disgust
disgust49.jpg,disgust,disgust
disgust490.jpg,disgust,disgust
disgust491.jpg,disgust,surprise
disgust492.jpg,disgust,sad
disgust493.jpg,disgust,angry
disgust494.jpg,disgust,disgust
disgust495.jpg,disgust,sad
disgust496.jpg,disgust,disgust
disgust497.jpg,disgust,disgust
disgust498.jpg,disgust,sad
disgust499.jpg,disgust,disgust
disgust5.jpg,disgust,angry
disgust50.jpg,disgust,disgust
disgust51.jpg,disgust,fear
disgust52.jpg,disgust,surprise
disgust53.jpg,disgust,disgust
disgust54.jpg,disgust,disgust
disgust55.jpg,disgust,disgust
disgust56.jpg,disgust,disgust
disgust57.jpg,disgust,disgust
disgust58.jpg,disgust,disgust
disgust59.jpg,disgust,angry
disgust6.jpg,disgust,disgust
disgust60.jpg,disgust,disgust
disgust61.jpg,disgust,disgust
disgust62.jpg,disgust,disgust
disgust63.jpg,disgust,disgust
disgust64.jpg,disgust,surprise
disgust65.jpg,disgust,disgust
disgust66.jpg,disgust,disgust
disgust67.jpg,disgust,disgust
disgust68.jpg,disgust,disgust
disgust69.jpg,disgust,surprise
disgust7.jpg,disgust,disgust
disgust70.jpg,disgust,disgust
disgust71.jpg,disgust,sad
disgust72.jpg,disgust,angry
disgust73.jpg,disgust,surprise
disgust74.jpg,disgust,disgust
disgust75.jpg,disgust,disgust
disgust76.jpg,disgust,sad
disgust77.jpg,disgust,disgust
disgust78.jpg,disgust,disgust
disgust79.jpg,disgust,disgust
disgust8.jpg,disgust,disgust
disgust80.jpg,disgust,angry
disgust81.jpg,disgust,disgust
disgust82.jpg,disgust,disgust
disgust83.jpg,disgust,fear
disgust84.jpg,disgust,sad
disgust85.jpg,disgust,disgust
disgust86.jpg,disgust,disgust
disgust87.jpg,disgust,disgust
disgust89.jpg,disgust,disgust
disgust9.jpg,disgust,fear
disgust90.jpg,disgust,disgust
disgust91.jpg,disgust,disgust
disgust92.jpg,disgust,disgust
disgust93.jpg,disgust,surprise
disgust94.jpg,disgust,disgust
disgust95.jpg,disgust,disgust
disgust96.jpg,disgust,disgust
disgust97.jpg,disgust,angry
disgust98.jpg,disgust,disgust
disgust99.jpg,disgust,disgust
fear0.jpg,fear,fear
fear1.jpg,fear,sad
fear10.jpg,fear,fear
fear100.jpg,fear,surprise
fear101.jpg,fear,fear
fear102.jpg,fear,surprise
fear103.jpg,fear,fear
fear104.jpg,fear,fear
fear105.jpg,fear,fear
fear106.jpg,fear,fear
fear107.jpg,fear,fear
fear108.jpg,fear,fear
fear109.jpg,fear,fear
fear11.jpg,fear,fear
fear110.jpg,fear,fear
fear111.jpg,fear,fear
fear112.jpg,fear,fear
fear113.jpg,fear,fear
fear114.jpg,fear,fear
fear115.jpg,fear,fear
fear116.jpg,fear,fear
fear117.jpg,fear,surprise
fear118.jpg,fear,sad
fear119.jpg,fear,fear
fear12.jpg,fear,fear
fear120.jpg,fear,fear
fear121.jpg,fear,surprise
fear122.jpg,fear,fear
fear123.jpg,fear,surprise
fear124.jpg,fear,angry
fear125.jpg,fear,surprise
fear126.jpg,fear,fear
fear127.jpg,fear,fear
fear128.jpg,fear,fear
fear129.jpg,fear,fear
fear13.jpg,fear,surprise
fear130.jpg,fear,disgust
fear131.jpg,fear,fear
fear132.jpg,fear,disgust
fear133.jpg,fear,fear
fear134.jpg,fear,fear
fear135.jpg,fear,fear
fear136.jpg,fear,fear
fear137.jpg,fear,surprise
fear138.jpg,fear,sad
fear139.jpg,fear,surprise
fear14.jpg,fear,fear
fear140.jpg,fear,fear
fear141.jpg,fear,fear
fear142.jpg,fear,fear
fear143.jpg,fear,fear
fear144.jpg,fear,fear
fear145.jpg,fear,fear
fear146.jpg,fear,disgust
fear147.jpg,fear,fear
fear148.jpg,fear,surprise
fear149.jpg,fear,fear
fear15.jpg,fear,sad
fear150.jpg,fear,fear
fear151.jpg,fear,fear
fear152.jpg,fear,fear
fear153.jpg,fear,sad
fear154.jpg,fear,fear
fear155.jpg,fear,surprise
fear156.jpg,fear,fear
fear157.jpg,fear,fear
fear158.jpg,fear,fear
fear159.jpg,fear,fear
fear16.jpg,fear,fear
fear160.jpg,fear,fear
fear161.jpg,fear,sad
fear162.jpg,fear,fear
fear163.jpg,fear,surprise
fear164.jpg,fear,sad
fear165.jpg,fear,surprise
fear166.jpg,fear,fear
fear167.jpg,fear,sad
fear168.jpg,fear,fear
fear169.jpg,fear,surprise
fear17.jpg,fear,fear
fear170.jpg,fear,fear
fear171.jpg,fear,fear
fear172.jpg,fear,angry
fear173.jpg,fear,fear
fear174.jpg,fear,angry
fear175.jpg,fear,surprise
fear176.jpg,fear,fear
fear177.jpg,fear,fear
fear178.jpg,fear,fear
fear179.jpg,fear,fear
fear18.jpg,fear,fear
fear180.jpg,fear,fear
fear181.jpg,fear,fear
fear182.jpg,fear,fear
fear183.jpg,fear,disgust
fear184.jpg,fear,surprise
fear185.jpg,fear,surprise
fear186.jpg,fear,fear
fear187.jpg,fear,fear
fear188.jpg,fear,disgust
fear189.jpg,fear,sad
fear19.jpg,fear,fear
fear190.jpg,fear,fear
fear191.jpg,fear,fear
fear192.jpg,fear,fear
fear193.jpg,fear,fear
fear194.jpg,fear,fear
fear195.jpg,fear,surprise
fear196.jpg,fear,fear
fear197.jpg,fear,fear
fear198.jpg,fear,fear
fear199.jpg,fear,surprise
fear2.jpg,fear,surprise
fear20.jpg,fear,fear
fear200.jpg,fear,fear
fear201.jpg,fear,fear
fear202.jpg,fear,fear
fear203.jpg,fear,surprise
fear204.jpg,fear,fear
fear205.jpg,fear,fear
fear206.jpg,fear,fear
fear207.jpg,fear,sad
fear208.jpg,fear,fear
fear209.jpg,fear,fear
fear21.jpg,fear,fear
fear210.jpg,fear,fear
fear211.jpg,fear,fear
fear212.jpg,fear,fear
fear213.jpg,fear,fear
fear214.jpg,fear,disgust
fear216.jpg,fear,fear
fear217.jpg,fear,fear
fear218.jpg,fear,surprise
fear219.jpg,fear,fear
fear22.jpg,fear,surprise
fear220.jpg,fear,fear
fear221.jpg,fear,fear
fear222.jpg,fear,angry
fear223.jpg,fear,fear
fear224.jpg,fear,angry
fear225.jpg,fear,fear
fear226.jpg,fear,surprise
fear227.jpg,fear,fear
fear228.jpg,fear,sad
fear229.jpg,fear,fear
fear23.jpg,fear,fear
fear230.jpg,fear,fear
fear231.jpg,fear,fear
fear232.jpg,fear,sad
fear233.jpg,fear,fear
fear234.jpg,fear,fear
fear235.jpg,fear,fear
fear236.jpg,fear,fear
fear237.jpg,fear,fear
fear238.jpg,fear,surprise
fear239.jpg,fear,surprise
fear24.jpg,fear,fear
fear240.jpg,fear,fear
fear241.jpg,fear,fear
fear242.jpg,fear,fear
fear243.jpg,fear,fear
fear244.jpg,fear,fear
fear245.jpg,fear,fear
fear246.jpg,fear,surprise
fear247.jpg,fear,fear
fear248.jpg,fear,fear
fear249.jpg,fear,fear
fear25.jpg,fear,fear
fear250.jpg,fear,fear
fear251.jpg,fear,fear
fear252.jpg,fear,fear
fear253.jpg,fear,fear
fear254.jpg,fear,fear
fear255.jpg,fear,fear
fear256.jpg,fear,fear
fear257.jpg,fear,angry
fear258.jpg,fear,fear
fear259.jpg,fear,fear
fear26.jpg,fear,surprise
fear260.jpg,fear,fear
fear261.jpg,fear,fear
fear262.jpg,fear,fear
fear263.jpg,fear,fear
fear264.jpg,fear,fear
fear265.jpg,fear,fear
fear266.jpg,fear,fear
fear267.jpg,fear,fear
fear268.jpg,fear,fear
fear269.jpg,fear,fear
fear27.jpg,fear,fear
fear270.jpg,fear,fear
fear271.jpg,fear,fear
fear272.jpg,fear,fear
fear273.jpg,fear,fear
fear274.jpg,fear,fear
fear275.jpg,fear,fear
fear276.jpg,fear,fear
fear277.jpg,fear,sad
fear278.jpg,fear,fear
fear279.jpg,fear,fear
fear28.jpg,fear,fear
fear280.jpg,fear,fear
fear281.jpg,fear,disgust
fear282.jpg,fear,fear
fear283.jpg,fear,fear
fear284.jpg,fear,fear
fear285.jpg,fear,surprise
fear286.jpg,fear,fear
fear287.jpg,fear,fear
fear288.jpg,fear,fear
fear289.jpg,fear,angry
fear29.jpg,fear,fear
fear290.jpg,fear,fear
fear291.jpg,fear,fear
fear292.jpg,fear,fear
fear293.jpg,fear,fear
fear294.jpg,fear,fear
fear295.jpg,fear,fear
fear296.jpg,fear,fear
fear297.jpg,fear,fear
fear298.jpg,fear,fear
fear299.jpg,fear,fear
fear3.jpg,fear,fear
fear30.jpg,fear,fear
fear300.jpg,fear,fear
fear301.jpg,fear,fear
fear302.jpg,fear,angry
fear303.jpg,fear,fear
fear304.jpg,fear,fear
fear305.jpg,fear,disgust
fear306.jpg,fear,fear
fear307.jpg,fear,fear
fear308.jpg,fear,angry
fear309.jpg,fear,surprise
fear31.jpg,fear,fear
fear310.jpg,fear,fear
fear311.jpg,fear,fear
fear312.jpg,fear,fear
fear313.jpg,fear,fear
fear314.jpg,fear,fear
fear315.jpg,fear,fear
fear316.jpg,fear,surprise
fear317.jpg,fear,fear
fear318.jpg,fear,fear
fear319.jpg,fear,angry
fear32.jpg,fear,disgust
fear320.jpg,fear,fear
fear321.jpg,fear,fear
fear322.jpg,fear,fear
fear323.jpg,fear,surprise
fear324.jpg,fear,surprise
fear325.jpg,fear,sad
fear326.jpg,fear,fear
fear327.jpg,fear,fear
fear328.jpg,fear,fear
fear329.jpg,fear,fear
fear33.jpg,fear,fear
fear330.jpg,fear,fear
fear331.jpg,fear,fear
fear332.jpg,fear,fear
fear333.jpg,fear,sad
fear334.jpg,fear,fear
fear335.jpg,fear,fear
fear336.jpg,fear,fear
fear337.jpg,fear,fear
fear338.jpg,fear,fear
fear339.jpg,fear,fear
fear34.jpg,fear,fear
fear340.jpg,fear,fear
fear341.jpg,fear,surprise
fear342.jpg,fear,fear
fear343.jpg,fear,fear
fear344.jpg,fear,surprise
fear345.jpg,fear,fear
fear346.jpg,fear,fear
fear347.jpg,fear,surprise
fear348.jpg,fear,fear
fear349.jpg,fear,fear
fear35.jpg,fear,fear
fear350.jpg,fear,surprise
fear351.jpg,fear,fear
fear352.jpg,fear,surprise
fear353.jpg,fear,fear
fear354.jpg,fear,fear
fear355.jpg,fear,fear
fear356.jpg,fear,fear
fear357.jpg,fear,fear
fear358.jpg,fear,fear
fear359.jpg,fear,fear
fear36.jpg,fear,surprise
fear360.jpg,fear,fear
fear361.jpg,fear,surprise
fear362.jpg,fear,angry
fear363.jpg,fear,fear
fear364.jpg,fear,fear
fear365.jpg,fear,fear
fear366.jpg,fear,fear
fear367.jpg,fear,fear
fear368.jpg,fear,fear
fear369.jpg,fear,fear
fear37.jpg,fear,fear
fear370.jpg,fear,fear
fear371.jpg,fear,fear
fear372.jpg,fear,fear
fear373.jpg,fear,fear
fear374.jpg,fear,sad
fear375.jpg,fear,fear
fear376.jpg,fear,fear
fear377.jpg,fear,fear
fear378.jpg,fear,fear
fear379.jpg,fear,surprise
fear38.jpg,fear,sad
fear380.jpg,fear,fear
fear381.jpg,fear,fear
fear382.jpg,fear,fear
fear383.jpg,fear,fear
fear384.jpg,fear,surprise
fear385.jpg,fear,fear
fear386.jpg,fear,surprise
fear387.jpg,fear,fear
fear388.jpg,fear,angry
fear389.jpg,fear,fear
fear390.jpg,fear,surprise
fear391.jpg,fear,fear
fear392.jpg,fear,surprise
fear393.jpg,fear,angry
fear394.jpg,fear,surprise
fear395.jpg,fear,fear
fear396.jpg,fear,surprise
fear397.jpg,fear,surprise
fear398.jpg,fear,fear
fear399.jpg,fear,fear
fear4.jpg,fear,fear
fear40.jpg,fear,fear
fear400.jpg,fear,fear
fear401.jpg,fear,fear
fear402.jpg,fear,fear
fear403.jpg,fear,surprise
fear404.jpg,fear,angry
fear405.jpg,fear,fear
fear406.jpg,fear,fear
fear407.jpg,fear,fear
fear408.jpg,fear,fear
fear409.jpg,fear,fear
fear41.jpg,fear,fear
fear410.jpg,fear,fear
fear411.jpg,fear,sad
fear412.jpg,fear,surprise
fear413.jpg,fear,surprise
fear414.jpg,fear,fear
fear415.jpg,fear,fear
fear416.jpg,fear,fear
fear417.jpg,fear,surprise
fear418.jpg,fear,surprise
fear419.jpg,fear,fear
fear42.jpg,fear,fear
fear420.jpg,fear,surprise
fear421.jpg,fear,disgust
fear422.jpg,fear,fear
fear423.jpg,fear,fear
fear424.jpg,fear,fear
fear425.jpg,fear,fear
fear426.jpg,fear,fear
fear427.jpg,fear,fear
fear428.jpg,fear,sad
fear429.jpg,fear,fear
fear43.jpg,fear,fear
fear430.jpg,fear,disgust
fear431.jpg,fear,fear
fear432.jpg,fear,fear
fear433.jpg,fear,fear
fear434.jpg,fear,fear
fear435.jpg,fear,fear
fear436.jpg,fear,fear
fear437.jpg,fear,fear
fear438.jpg,fear,surprise
fear439.jpg,fear,fear
fear44.jpg,fear,surprise
fear440.jpg,fear,fear
fear441.jpg,fear,fear
fear442.jpg,fear,fear
fear443.jpg,fear,fear
fear444.jpg,fear,fear
fear445.jpg,fear,fear
fear446.jpg,fear,fear
fear447.jpg,fear,surprise
fear448.jpg,fear,fear
fear449.jpg,fear,fear
fear45.jpg,fear,fear
fear450.jpg,fear,fear
fear451.jpg,fear,fear
fear452.jpg,fear,surprise
fear453.jpg,fear,disgust
fear454.jpg,fear,fear
fear455.jpg,fear,fear
fear456.jpg,fear,surprise
fear457.jpg,fear,surprise
fear458.jpg,fear,fear
fear459.jpg,fear,fear
fear46.jpg,fear,fear
fear460.jpg,fear,fear
fear461.jpg,fear,disgust
fear462.jpg,fear,fear
fear463.jpg,fear,fear
fear464.jpg,fear,fear
fear465.jpg,fear,angry
fear466.jpg,fear,fear
fear467.jpg,fear,fear
fear468.jpg,fear,fear
fear469.jpg,fear,fear
fear47.jpg,fear,fear
fear470.jpg,fear,fear
fear471.jpg,fear,surprise
fear472.jpg,fear,fear
fear473.jpg,fear,fear
fear474.jpg,fear,fear
fear475.jpg,fear,fear
fear476.jpg,fear,fear
fear477.jpg,fear,fear
fear478.jpg,fear,sad
fear479.jpg,fear,fear
fear48.jpg,fear,fear
fear480.jpg,fear,angry
fear481.jpg,fear,fear
fear482.jpg,fear,fear
fear483.jpg,fear,fear
fear484.jpg,fear,fear
fear485.jpg,fear,fear
fear486.jpg,fear,fear
fear487.jpg,fear,fear
fear488.jpg,fear,fear
fear49.jpg,fear,fear
fear490.jpg,fear,fear
fear491.jpg,fear,fear
fear492.jpg,fear,fear
fear493.jpg,fear,fear
fear494.jpg,fear,fear
fear495.jpg,fear,fear
fear496.jpg,fear,angry
fear497.jpg,fear,surprise
fear498.jpg,fear,fear
fear499.jpg,fear,fear
fear5.jpg,fear,fear
fear50.jpg,fear,fear
fear51.jpg,fear,fear
fear52.jpg,fear,fear
fear53.jpg,fear,fear
fear54.jpg,fear,sad
fear55.jpg,fear,sad
fear56.jpg,fear,fear
fear57.jpg,fear,fear
fear58.jpg,fear,disgust
fear59.jpg,fear,fear
fear60.jpg,fear,disgust
fear61.jpg,fear,fear
fear62.jpg,fear,fear
fear63.jpg,fear,fear
fear64.jpg,fear,fear
fear65.jpg,fear,fear
fear66.jpg,fear,fear
fear67.jpg,fear,fear
fear68.jpg,fear,sad
fear69.jpg,fear,fear
fear7.jpg,fear,fear
fear70.jpg,fear,surprise
fear71.jpg,fear,fear
fear72.jpg,fear,surprise
fear73.jpg,fear,disgust
fear74.jpg,fear,fear
fear75.jpg,fear,fear
fear76.jpg,fear,fear
fear77.jpg,fear,surprise
fear78.jpg,fear,surprise
fear79.jpg,fear,fear
fear8.jpg,fear,sad
fear80.jpg,fear,fear
happy0.jpg,happy,disgust
happy1.jpg,happy,disgust
happy10.jpg,happy,disgust
happy100.jpg,happy,happy
happy1000.jpg,happy,fear
happy1001.jpg,happy,happy
happy1003.jpg,happy,happy
happy1004.jpg,happy,happy
happy1008.jpg,happy,sad
happy1009.jpg,happy,happy
happy101.jpg,happy,happy
happy1010.jpg,happy,happy
happy1011.jpg,happy,happy
happy1012.jpg,happy,happy
happy1013.jpg,happy,happy
happy1014.jpg,happy,happy
happy1015.jpg,happy,happy
happy1016.jpg,happy,happy
happy1017.jpg,happy,happy
happy1018.jpg,happy,happy
happy1019.jpg,happy,happy
happy102.jpg,happy,happy
happy1020.jpg,happy,happy
happy1021.jpg,happy,happy
happy1022.jpg,happy,happy
happy1026.jpg,happy,fear
happy1027.jpg,happy,happy
happy1028.jpg,happy,happy
happy1029.jpg,happy,happy
happy103.jpg,happy,happy
happy1031.jpg,happy,happy
happy1033.jpg,happy,happy
happy1034.jpg,happy,happy
happy1035.jpg,happy,happy
happy1038.jpg,happy,happy
happy1039.jpg,happy,happy
happy104.jpg,happy,happy
happy1040.jpg,happy,happy
happy1041.jpg,happy,happy
happy1042.jpg,happy,happy
happy1043.jpg,happy,happy
happy1044.jpg,happy,happy
happy1048.jpg,happy,happy
happy1049.jpg,happy,happy
happy105.jpg,happy,happy
happy1050.jpg,happy,happy
happy1051.jpg,happy,happy
happy1052.jpg,happy,happy
happy1053.jpg,happy,happy
happy1054.jpg,happy,happy
happy1055.jpg,happy,happy
happy1056.jpg,happy,happy
happy1057.jpg,happy,happy
happy1058.jpg,happy,happy
happy1059.jpg,happy,happy
happy1060.jpg,happy,happy
happy1061.jpg,happy,happy
happy1062.jpg,happy,happy
happy1066.jpg,happy,happy
happy1067.jpg,happy,fear
happy1068.jpg,happy,happy
happy1069.jpg,happy,happy
happy1070.jpg,happy,happy
happy1071.jpg,happy,happy
happy1072.jpg,happy,happy
happy1073.jpg,happy,happy
happy1074.jpg,happy,happy
happy1075.jpg,happy,happy
happy1076.jpg,happy,happy
happy1077.jpg,happy,happy
happy1078.jpg,happy,happy
happy1080.jpg,happy,happy
happy1081.jpg,happy,happy
happy1085.jpg,happy,happy
happy1086.jpg,happy,happy
happy1087.jpg,happy,happy
happy1088.jpg,happy,happy
happy1089.jpg,happy,happy
happy109.jpg,happy,happy
happy1090.jpg,happy,happy
happy1091.jpg,happy,happy
happy1092.jpg,happy,happy
happy1093.jpg,happy,happy
happy1094.jpg,happy,happy
happy1095.jpg,happy,happy
happy1097.jpg,happy,happy
happy1098.jpg,happy,happy
happy1099.jpg,happy,happy
happy11.jpg,happy,surprise
happy110.jpg,happy,happy
happy1100.jpg,happy,happy
happy1104.jpg,happy,happy
happy1105.jpg,happy,happy
happy1106.jpg,happy,happy
happy1107.jpg,happy,happy
happy1108.jpg,happy,happy
happy1109.jpg,happy,happy
happy111.jpg,happy,happy
happy1110.jpg,happy,happy
happy1111.jpg,happy,happy
happy1112.jpg,happy,happy
happy1113.jpg,happy,happy
happy1114.jpg,happy,happy
happy1115.jpg,happy,happy
happy1116.jpg,happy,happy
happy1117.jpg,happy,happy
happy1118.jpg,happy,happy
happy112.jpg,happy,happy
happy1122.jpg,happy,happy
happy1123.jpg,happy,happy
happy1124.jpg,happy,happy
happy1125.jpg,happy,happy
happy1126.jpg,happy,happy
happy1127.jpg,happy,happy
happy1128.jpg,happy,happy
happy1129.jpg,happy,happy
happy113.jpg,happy,happy
happy1130.jpg,happy,happy
happy1131.jpg,happy,happy
happy1132.jpg,happy,happy
happy1133.jpg,happy,happy
happy1134.jpg,happy,happy
happy1135.jpg,happy,happy
happy1136.jpg,happy,happy
happy114.jpg,happy,happy
happy1141.jpg,happy,happy
happy1142.jpg,happy,happy
happy1143.jpg,happy,happy
happy1144.jpg,happy,happy
happy1145.jpg,happy,happy
happy1146.jpg,happy,happy
happy1147.jpg,happy,happy
happy1148.jpg,happy,happy
happy1149.jpg,happy,happy
happy115.jpg,happy,happy
happy1150.jpg,happy,happy
happy1151.jpg,happy,happy
happy1152.jpg,happy,happy
happy1153.jpg,happy,happy
happy1154.jpg,happy,happy
happy1155.jpg,happy,happy
happy1159.jpg,happy,happy
happy116.jpg,happy,happy
happy1160.jpg,happy,happy
happy1161.jpg,happy,happy
happy1162.jpg,happy,happy
happy1163.jpg,happy,happy
happy1164.jpg,happy,happy
happy1165.jpg,happy,happy
happy1166.jpg,happy,happy
happy1167.jpg,happy,happy
happy1169.jpg,happy,happy
happy117.jpg,happy,happy
happy1170.jpg,happy,happy
happy1171.jpg,happy,happy
happy1173.jpg,happy,happy
happy1174.jpg,happy,happy
happy1175.jpg,happy,happy
happy1179.jpg,happy,happy
happy118.jpg,happy,happy
happy1180.jpg,happy,happy
happy1181.jpg,happy,happy
happy1182.jpg,happy,happy
happy1183.jpg,happy,happy
happy1184.jpg,happy,happy
happy1185.jpg,happy,sad
happy1186.jpg,happy,happy
happy1187.jpg,happy,happy
happy1188.jpg,happy,happy
happy1189.jpg,happy,happy
happy119.jpg,happy,happy
happy1190.jpg,happy,happy
happy1191.jpg,happy,happy
happy1192.jpg,happy,happy
happy1193.jpg,happy,happy
happy1198.jpg,happy,happy
happy1199.jpg,happy,happy
happy12.jpg,happy,disgust
happy120.jpg,happy,happy
happy1200.jpg,happy,happy
happy1201.jpg,happy,happy
happy1202.jpg,happy,happy
happy1203.jpg,happy,happy
happy1204.jpg,happy,happy
happy1205.jpg,happy,happy
happy1206.jpg,happy,happy
happy1207.jpg,happy,happy
happy1208.jpg,happy,happy
happy1209.jpg,happy,happy
happy121.jpg,happy,happy
happy1210.jpg,happy,happy
happy1211.jpg,happy,happy
happy1212.jpg,happy,happy
happy1216.jpg,happy,happy
happy1217.jpg,happy,happy
happy1218.jpg,happy,happy
happy1219.jpg,happy,happy
happy122.jpg,happy,happy
happy1220.jpg,happy,happy
happy1221.jpg,happy,happy
happy1222.jpg,happy,happy
happy1223.jpg,happy,happy
happy1224.jpg,happy,happy
happy1225.jpg,happy,happy
happy1226.jpg,happy,happy
happy1227.jpg,happy,happy
happy1228.jpg,happy,happy
happy1229.jpg,happy,happy
happy123.jpg,happy,happy
happy1230.jpg,happy,happy
happy1235.jpg,happy,happy
happy1236.jpg,happy,happy
happy1237.jpg,happy,happy
happy1238.jpg,happy,happy
happy1239.jpg,happy,happy
happy1240.jpg,happy,happy
happy1241.jpg,happy,happy
happy1242.jpg,happy,happy
happy1243.jpg,happy,happy
happy1244.jpg,happy,sad
happy1245.jpg,happy,happy
happy1246.jpg,happy,happy
happy1247.jpg,happy,happy
happy1248.jpg,happy,happy
happy1249.jpg,happy,happy
happy1253.jpg,happy,happy
happy1254.jpg,happy,happy
happy1255.jpg,happy,happy
happy1256.jpg,happy,happy
happy1257.jpg,happy,happy
happy1258.jpg,happy,happy
happy1259.jpg,happy,happy
happy1260.jpg,happy,happy
happy1261.jpg,happy,happy
happy1262.jpg,happy,happy
happy1263.jpg,happy,happy
happy1264.jpg,happy,happy
happy1265.jpg,happy,happy
happy1266.jpg,happy,happy
happy1267.jpg,happy,happy
happy127.jpg,happy,happy
happy1271.jpg,happy,happy
happy1272.jpg,happy,happy
happy1273.jpg,happy,happy
happy1274.jpg,happy,happy
happy1275.jpg,happy,happy
happy1276.jpg,happy,happy
happy1277.jpg,happy,happy
happy1278.jpg,happy,happy
happy1279.jpg,happy,happy
happy128.jpg,happy,happy
happy1280.jpg,happy,happy
happy1281.jpg,happy,happy
happy1282.jpg,happy,happy
happy1283.jpg,happy,happy
happy1285.jpg,happy,happy
happy1286.jpg,happy,happy
happy129.jpg,happy,happy
happy1290.jpg,happy,happy
happy1291.jpg,happy,happy
happy1292.jpg,happy,happy
happy1293.jpg,happy,happy
happy1294.jpg,happy,happy
happy1295.jpg,happy,happy
happy1296.jpg,happy,happy
happy1297.jpg,happy,happy
happy1298.jpg,happy,happy
happy1299.jpg,happy,happy
happy13.jpg,happy,disgust
happy130.jpg,happy,happy
happy1300.jpg,happy,happy
happy1301.jpg,happy,happy
happy1302.jpg,happy,happy
happy1303.jpg,happy,happy
happy1304.jpg,happy,happy
happy1308.jpg,happy,happy
happy1309.jpg,happy,happy
happy131.jpg,happy,happy
happy1310.jpg,happy,happy
happy1311.jpg,happy,happy
happy1312.jpg,happy,happy
happy1313.jpg,happy,happy
happy1314.jpg,happy,happy
happy1315.jpg,happy,happy
happy1316.jpg,happy,happy
happy1317.jpg,happy,happy
happy1318.jpg,happy,happy
happy1319.jpg,happy,happy
happy132.jpg,happy,happy
happy1320.jpg,happy,happy
happy1321.jpg,happy,happy
happy1322.jpg,happy,happy
happy1326.jpg,happy,happy
happy1327.jpg,happy,happy
happy1328.jpg,happy,happy
happy1329.jpg,happy,happy
happy133.jpg,happy,happy
happy1330.jpg,happy,happy
happy1331.jpg,happy,happy
happy1332.jpg,happy,happy
happy1333.jpg,happy,happy
happy1334.jpg,happy,happy
happy1335.jpg,happy,happy
happy1336.jpg,happy,happy
happy1337.jpg,happy,happy
happy1338.jpg,happy,happy
happy1339.jpg,happy,happy
happy134.jpg,happy,happy
happy1340.jpg,happy,happy
happy1344.jpg,happy,happy
happy1345.jpg,happy,happy
happy1346.jpg,happy,happy
happy1347.jpg,happy,happy
happy1348.jpg,happy,happy
happy1349.jpg,happy,happy
happy135.jpg,happy,happy
happy1350.jpg,happy,happy
happy1351.jpg,happy,sad
happy1352.jpg,happy,happy
happy1353.jpg,happy,happy
happy1354.jpg,happy,happy
happy1355.jpg,happy,happy
happy1356.jpg,happy,happy
happy1357.jpg,happy,happy
happy1358.jpg,happy,happy
happy136.jpg,happy,happy
happy1363.jpg,happy,happy
happy1364.jpg,happy,happy
happy1365.jpg,happy,happy
happy1366.jpg,happy,happy
happy1367.jpg,happy,happy
happy137.jpg,happy,happy
happy138.jpg,happy,happy
happy139.jpg,happy,happy
happy14.jpg,happy,surprise
happy140.jpg,happy,happy
happy141.jpg,happy,happy
happy146.jpg,happy,happy
happy147.jpg,happy,happy
happy148.jpg,happy,happy
happy149.jpg,happy,happy
happy15.jpg,happy,disgust
happy150.jpg,happy,happy
happy151.jpg,happy,happy
happy152.jpg,happy,happy
happy153.jpg,happy,happy
happy154.jpg,happy,happy
happy155.jpg,happy,happy
happy156.jpg,happy,happy
happy157.jpg,happy,happy
happy158.jpg,happy,happy
happy159.jpg,happy,happy
happy16.jpg,happy,surprise
happy160.jpg,happy,neutral
happy164.jpg,happy,happy
happy166.jpg,happy,happy
happy168.jpg,happy,happy
happy169.jpg,happy,happy
happy17.jpg,happy,surprise
happy170.jpg,happy,happy
happy171.jpg,happy,happy
happy172.jpg,happy,happy
happy173.jpg,happy,happy
happy174.jpg,happy,happy
happy175.jpg,happy,happy
happy176.jpg,happy,happy
happy177.jpg,happy,happy
happy178.jpg,happy,happy
happy179.jpg,happy,happy
happy18.jpg,happy,disgust
happy180.jpg,happy,happy
happy184.jpg,happy,happy
happy185.jpg,happy,happy
happy186.jpg,happy,happy
happy188.jpg,happy,happy
happy189.jpg,happy,happy
happy19.jpg,happy,surprise
happy191.jpg,happy,happy
happy192.jpg,happy,happy
happy193.jpg,happy,happy
happy194.jpg,happy,happy
happy195.jpg,happy,happy
happy196.jpg,happy,happy
happy198.jpg,happy,happy
happy199.jpg,happy,happy
happy2.jpg,happy,surprise
happy20.jpg,happy,surprise
happy200.jpg,happy,happy
happy201.jpg,happy,happy
happy205.jpg,happy,happy
happy206.jpg,happy,happy
happy207.jpg,happy,happy
happy208.jpg,happy,happy
happy209.jpg,happy,happy
happy210.jpg,happy,happy
happy211.jpg,happy,happy
happy212.jpg,happy,happy
happy213.jpg,happy,happy
happy214.jpg,happy,happy
happy215.jpg,happy,happy
happy217.jpg,happy,happy
happy218.jpg,happy,happy
happy219.jpg,happy,happy
happy220.jpg,happy,happy
happy224.jpg,happy,happy
happy225.jpg,happy,happy
happy226.jpg,happy,happy
happy227.jpg,happy,happy
happy228.jpg,happy,happy
happy229.jpg,happy,happy
happy230.jpg,happy,happy
happy231.jpg,happy,happy
happy232.jpg,happy,sad
happy233.jpg,happy,happy
happy235.jpg,happy,happy
happy237.jpg,happy,happy
happy238.jpg,happy,happy
happy239.jpg,happy,happy
happy24.jpg,happy,surprise
happy240.jpg,happy,happy
happy244.jpg,happy,happy
happy245.jpg,happy,happy
happy246.jpg,happy,happy
happy247.jpg,happy,happy
happy248.jpg,happy,happy
happy249.jpg,happy,happy
happy25.jpg,happy,disgust
happy250.jpg,happy,happy
happy251.jpg,happy,happy
happy252.jpg,happy,happy
happy253.jpg,happy,happy
happy254.jpg,happy,happy
happy255.jpg,happy,happy
happy256.jpg,happy,happy
happy257.jpg,happy,happy
happy258.jpg,happy,happy
happy26.jpg,happy,disgust
happy262.jpg,happy,happy
happy263.jpg,happy,happy
happy264.jpg,happy,happy
happy265.jpg,happy,happy
happy266.jpg,happy,happy
happy267.jpg,happy,happy
happy268.jpg,happy,happy
happy269.jpg,happy,happy
happy27.jpg,happy,angry
happy270.jpg,happy,happy
happy271.jpg,happy,happy
happy272.jpg,happy,happy
happy273.jpg,happy,happy
happy274.jpg,happy,happy
happy275.jpg,happy,happy
happy276.jpg,happy,happy
happy28.jpg,happy,disgust
happy280.jpg,happy,happy
happy281.jpg,happy,happy
happy282.jpg,happy,happy
happy283.jpg,happy,happy
happy284.jpg,happy,happy
happy285.jpg,happy,happy
happy286.jpg,happy,happy
happy287.jpg,happy,happy
happy288.jpg,happy,happy
happy289.jpg,happy,happy
happy29.jpg,happy,surprise
happy290.jpg,happy,happy
happy291.jpg,happy,happy
happy292.jpg,happy,happy
happy293.jpg,happy,happy
happy295.jpg,happy,happy
happy299.jpg,happy,happy
happy3.jpg,happy,disgust
happy30.jpg,happy,surprise
happy300.jpg,happy,happy
happy301.jpg,happy,happy
happy302.jpg,happy,happy
happy303.jpg,happy,happy
happy304.jpg,happy,happy
happy306.jpg,happy,happy
happy307.jpg,happy,happy
happy308.jpg,happy,happy
happy31.jpg,happy,surprise
happy310.jpg,happy,happy
happy311.jpg,happy,happy
happy312.jpg,happy,happy
happy313.jpg,happy,happy
happy314.jpg,happy,happy
happy315.jpg,happy,happy
happy319.jpg,happy,happy
happy32.jpg,happy,angry
happy320.jpg,happy,happy
happy321.jpg,happy,happy
happy322.jpg,happy,happy
happy323.jpg,happy,happy
happy324.jpg,happy,happy
happy325.jpg,happy,happy
happy326.jpg,happy,happy
happy327.jpg,happy,happy
happy328.jpg,happy,happy
happy329.jpg,happy,happy
neutral0.jpg,neutral,surprise
neutral1.jpg,neutral,surprise
neutral10.jpg,neutral,disgust
neutral100.jpg,neutral,fear
neutral101.jpg,neutral,angry
neutral102.jpg,neutral,sad
neutral103.jpg,neutral,surprise
neutral104.jpg,neutral,surprise
neutral105.jpg,neutral,surprise
neutral106.jpg,neutral,angry
neutral107.jpg,neutral,surprise
neutral108.jpg,neutral,surprise
neutral109.jpg,neutral,surprise
neutral11.jpg,neutral,surprise
neutral110.jpg,neutral,surprise
neutral111.jpg,neutral,surprise
neutral112.jpg,neutral,surprise
neutral113.jpg,neutral,disgust
neutral114.jpg,neutral,angry
neutral115.jpg,neutral,surprise
neutral116.jpg,neutral,surprise
neutral117.jpg,neutral,disgust
neutral118.jpg,neutral,surprise
neutral119.jpg,neutral,surprise
neutral12.jpg,neutral,surprise
neutral120.jpg,neutral,surprise
neutral121.jpg,neutral,angry
neutral122.jpg,neutral,surprise
neutral123.jpg,neutral,surprise
neutral124.jpg,neutral,surprise
neutral125.jpg,neutral,sad
neutral126.jpg,neutral,sad
neutral127.jpg,neutral,surprise
neutral128.jpg,neutral,neutral
neutral129.jpg,neutral,neutral
neutral13.jpg,neutral,surprise
neutral130.jpg,neutral,neutral
neutral131.jpg,neutral,neutral
neutral132.jpg,neutral,neutral
neutral134.jpg,neutral,neutral
neutral135.jpg,neutral,happy
neutral136.jpg,neutral,neutral
neutral137.jpg,neutral,neutral
neutral138.jpg,neutral,neutral
neutral139.jpg,neutral,neutral
neutral14.jpg,neutral,disgust
neutral141.jpg,neutral,neutral
neutral142.jpg,neutral,sad
neutral143.jpg,neutral,neutral
neutral144.jpg,neutral,neutral
neutral145.jpg,neutral,happy
neutral146.jpg,neutral,neutral
neutral147.jpg,neutral,neutral
neutral148.jpg,neutral,neutral
neutral149.jpg,neutral,neutral
neutral15.jpg,neutral,disgust
neutral150.jpg,neutral,neutral
neutral151.jpg,neutral,neutral
neutral152.jpg,neutral,neutral
neutral154.jpg,neutral,neutral
neutral156.jpg,neutral,happy
neutral157.jpg,neutral,happy
neutral158.jpg,neutral,neutral
neutral159.jpg,neutral,neutral
neutral16.jpg,neutral,sad
neutral160.jpg,neutral,happy
neutral161.jpg,neutral,neutral
neutral162.jpg,neutral,neutral
neutral163.jpg,neutral,neutral
neutral164.jpg,neutral,neutral
neutral165.jpg,neutral,neutral
neutral166.jpg,neutral,neutral
neutral167.jpg,neutral,neutral
neutral168.jpg,neutral,neutral
neutral17.jpg,neutral,angry
neutral170.jpg,neutral,neutral
neutral171.jpg,neutral,neutral
neutral172.jpg,neutral,neutral
neutral174.jpg,neutral,neutral
neutral176.jpg,neutral,neutral
neutral177.jpg,neutral,neutral
neutral178.jpg,neutral,neutral
neutral179.jpg,neutral,neutral
neutral18.jpg,neutral,disgust
neutral180.jpg,neutral,neutral
neutral181.jpg,neutral,neutral
neutral183.jpg,neutral,neutral
neutral184.jpg,neutral,neutral
neutral185.jpg,neutral,neutral
neutral186.jpg,neutral,neutral
neutral187.jpg,neutral,neutral
neutral188.jpg,neutral,neutral
neutral189.jpg,neutral,neutral
neutral19.jpg,neutral,angry
neutral190.jpg,neutral,neutral
neutral191.jpg,neutral,neutral
neutral192.jpg,neutral,neutral
neutral193.jpg,neutral,neutral
neutral194.jpg,neutral,neutral
neutral195.jpg,neutral,neutral
neutral196.jpg,neutral,neutral
neutral197.jpg,neutral,happy
neutral198.jpg,neutral,neutral
neutral2.jpg,neutral,sad
neutral20.jpg,neutral,angry
neutral200.jpg,neutral,neutral
neutral201.jpg,neutral,neutral
neutral202.jpg,neutral,angry
neutral203.jpg,neutral,neutral
neutral204.jpg,neutral,neutral
neutral205.jpg,neutral,neutral
neutral206.jpg,neutral,neutral
neutral207.jpg,neutral,neutral
neutral208.jpg,neutral,neutral
neutral209.jpg,neutral,happy
neutral21.jpg,neutral,surprise
neutral210.jpg,neutral,neutral
neutral211.jpg,neutral,neutral
neutral212.jpg,neutral,angry
neutral213.jpg,neutral,sad
neutral214.jpg,neutral,neutral
neutral215.jpg,neutral,neutral
neutral216.jpg,neutral,neutral
neutral217.jpg,neutral,neutral
neutral218.jpg,neutral,happy
neutral219.jpg,neutral,neutral
neutral22.jpg,neutral,angry
neutral220.jpg,neutral,neutral
neutral221.jpg,neutral,neutral
neutral222.jpg,neutral,neutral
neutral223.jpg,neutral,neutral
neutral224.jpg,neutral,neutral
neutral225.jpg,neutral,neutral
neutral226.jpg,neutral,neutral
neutral227.jpg,neutral,neutral
neutral228.jpg,neutral,neutral
neutral229.jpg,neutral,neutral
neutral23.jpg,neutral,angry
neutral230.jpg,neutral,neutral
neutral231.jpg,neutral,neutral
neutral232.jpg,neutral,neutral
neutral234.jpg,neutral,neutral
neutral235.jpg,neutral,neutral
neutral236.jpg,neutral,sad
neutral237.jpg,neutral,happy
neutral238.jpg,neutral,neutral
neutral239.jpg,neutral,neutral
neutral24.jpg,neutral,sad
neutral240.jpg,neutral,neutral
neutral241.jpg,neutral,neutral
neutral242.jpg,neutral,neutral
neutral243.jpg,neutral,neutral
neutral245.jpg,neutral,neutral
neutral246.jpg,neutral,neutral
neutral248.jpg,neutral,neutral
neutral249.jpg,neutral,neutral
neutral25.jpg,neutral,disgust
neutral250.jpg,neutral,neutral
neutral251.jpg,neutral,neutral
neutral252.jpg,neutral,neutral
neutral253.jpg,neutral,neutral
neutral254.jpg,neutral,neutral
neutral256.jpg,neutral,neutral
neutral257.jpg,neutral,neutral
neutral258.jpg,neutral,angry
neutral259.jpg,neutral,neutral
neutral26.jpg,neutral,angry
neutral260.jpg,neutral,neutral
neutral261.jpg,neutral,neutral
neutral262.jpg,neutral,neutral
neutral263.jpg,neutral,neutral
neutral264.jpg,neutral,neutral
neutral265.jpg,neutral,neutral
neutral266.jpg,neutral,neutral
neutral267.jpg,neutral,neutral
neutral269.jpg,neutral,neutral
neutral27.jpg,neutral,angry
neutral270.jpg,neutral,neutral
neutral271.jpg,neutral,neutral
neutral272.jpg,neutral,angry
neutral273.jpg,neutral,neutral
neutral274.jpg,neutral,neutral
neutral275.jpg,neutral,neutral
neutral276.jpg,neutral,neutral
neutral277.jpg,neutral,neutral
neutral278.jpg,neutral,sad
neutral279.jpg,neutral,neutral
neutral28.jpg,neutral,surprise
neutral280.jpg,neutral,neutral
neutral281.jpg,neutral,neutral
neutral282.jpg,neutral,neutral
neutral283.jpg,neutral,neutral
neutral284.jpg,neutral,neutral
neutral285.jpg,neutral,neutral
neutral286.jpg,neutral,neutral
neutral287.jpg,neutral,happy
neutral288.jpg,neutral,neutral
neutral289.jpg,neutral,neutral
neutral29.jpg,neutral,surprise
neutral290.jpg,neutral,neutral
neutral291.jpg,neutral,fear
neutral292.jpg,neutral,neutral
neutral293.jpg,neutral,neutral
neutral294.jpg,neutral,neutral
neutral295.jpg,neutral,neutral
neutral296.jpg,neutral,neutral
neutral297.jpg,neutral,neutral
neutral298.jpg,neutral,neutral
neutral299.jpg,neutral,neutral
neutral3.jpg,neutral,surprise
neutral30.jpg,neutral,neutral
neutral300.jpg,neutral,neutral
neutral301.jpg,neutral,neutral
neutral302.jpg,neutral,neutral
neutral303.jpg,neutral,neutral
neutral304.jpg,neutral,angry
neutral306.jpg,neutral,neutral
neutral307.jpg,neutral,neutral
neutral308.jpg,neutral,neutral
neutral309.jpg,neutral,neutral
neutral31.jpg,neutral,surprise
neutral310.jpg,neutral,neutral
neutral311.jpg,neutral,neutral
neutral312.jpg,neutral,neutral
neutral313.jpg,neutral,neutral
neutral314.jpg,neutral,neutral
neutral315.jpg,neutral,neutral
neutral316.jpg,neutral,neutral
neutral317.jpg,neutral,neutral
neutral318.jpg,neutral,angry
neutral319.jpg,neutral,sad
neutral32.jpg,neutral,surprise
neutral320.jpg,neutral,happy
neutral321.jpg,neutral,sad
neutral322.jpg,neutral,neutral
neutral323.jpg,neutral,neutral
neutral324.jpg,neutral,neutral
neutral325.jpg,neutral,neutral
neutral326.jpg,neutral,neutral
neutral327.jpg,neutral,neutral
neutral328.jpg,neutral,neutral
neutral33.jpg,neutral,surprise
neutral330.jpg,neutral,neutral
neutral332.jpg,neutral,neutral
neutral333.jpg,neutral,neutral
neutral334.jpg,neutral,neutral
neutral335.jpg,neutral,neutral
neutral337.jpg,neutral,neutral
neutral338.jpg,neutral,fear
neutral339.jpg,neutral,neutral
neutral34.jpg,neutral,disgust
neutral340.jpg,neutral,neutral
neutral341.jpg,neutral,happy
neutral342.jpg,neutral,neutral
neutral343.jpg,neutral,neutral
neutral344.jpg,neutral,neutral
neutral345.jpg,neutral,neutral
neutral346.jpg,neutral,neutral
neutral347.jpg,neutral,neutral
neutral348.jpg,neutral,neutral
neutral349.jpg,neutral,neutral
neutral35.jpg,neutral,surprise
neutral350.jpg,neutral,neutral
neutral351.jpg,neutral,neutral
neutral352.jpg,neutral,neutral
neutral353.jpg,neutral,neutral
neutral354.jpg,neutral,neutral
neutral355.jpg,neutral,neutral
neutral356.jpg,neutral,neutral
neutral357.jpg,neutral,happy
neutral358.jpg,neutral,neutral
neutral359.jpg,neutral,neutral
neutral36.jpg,neutral,sad
neutral360.jpg,neutral,neutral
neutral361.jpg,neutral,neutral
neutral362.jpg,neutral,sad
neutral363.jpg,neutral,neutral
neutral364.jpg,neutral,neutral
neutral365.jpg,neutral,neutral
neutral366.jpg,neutral,neutral
neutral367.jpg,neutral,neutral
neutral368.jpg,neutral,neutral
neutral369.jpg,neutral,neutral
neutral37.jpg,neutral,surprise
neutral371.jpg,neutral,neutral
neutral372.jpg,neutral,neutral
neutral373.jpg,neutral,neutral
neutral374.jpg,neutral,neutral
neutral375.jpg,neutral,neutral
neutral376.jpg,neutral,neutral
neutral377.jpg,neutral,fear
neutral379.jpg,neutral,neutral
neutral38.jpg,neutral,sad
neutral380.jpg,neutral,neutral
neutral381.jpg,neutral,neutral
neutral382.jpg,neutral,neutral
neutral383.jpg,neutral,neutral
neutral384.jpg,neutral,neutral
neutral385.jpg,neutral,neutral
neutral386.jpg,neutral,neutral
neutral387.jpg,neutral,happy
neutral388.jpg,neutral,neutral
neutral389.jpg,neutral,neutral
neutral39.jpg,neutral,surprise
neutral390.jpg,neutral,neutral
neutral391.jpg,neutral,neutral
neutral392.jpg,neutral,neutral
neutral393.jpg,neutral,neutral
neutral394.jpg,neutral,neutral
neutral395.jpg,neutral,neutral
neutral396.jpg,neutral,neutral
neutral397.jpg,neutral,neutral
neutral398.jpg,neutral,neutral
neutral399.jpg,neutral,sad
neutral4.jpg,neutral,sad
neutral40.jpg,neutral,sad
neutral400.jpg,neutral,neutral
neutral401.jpg,neutral,neutral
neutral402.jpg,neutral,sad
neutral403.jpg,neutral,neutral
neutral404.jpg,neutral,neutral
neutral405.jpg,neutral,neutral
neutral406.jpg,neutral,neutral
neutral407.jpg,neutral,neutral
neutral409.jpg,neutral,neutral
neutral41.jpg,neutral,surprise
neutral410.jpg,neutral,neutral
neutral411.jpg,neutral,neutral
neutral412.jpg,neutral,neutral
neutral413.jpg,neutral,sad
neutral414.jpg,neutral,neutral
neutral415.jpg,neutral,neutral
neutral416.jpg,neutral,neutral
neutral417.jpg,neutral,happy
neutral418.jpg,neutral,neutral
neutral419.jpg,neutral,happy
neutral42.jpg,neutral,surprise
neutral420.jpg,neutral,neutral
neutral421.jpg,neutral,neutral
neutral422.jpg,neutral,neutral
neutral423.jpg,neutral,neutral
neutral424.jpg,neutral,angry
neutral426.jpg,neutral,sad
neutral427.jpg,neutral,neutral
neutral428.jpg,neutral,neutral
neutral429.jpg,neutral,sad
neutral43.jpg,neutral,angry
neutral430.jpg,neutral,neutral
neutral431.jpg,neutral,neutral
neutral432.jpg,neutral,happy
neutral433.jpg,neutral,neutral
neutral434.jpg,neutral,neutral
neutral435.jpg,neutral,neutral
neutral436.jpg,neutral,neutral
neutral437.jpg,neutral,neutral
neutral438.jpg,neutral,sad
neutral439.jpg,neutral,neutral
neutral44.jpg,neutral,surprise
neutral440.jpg,neutral,happy
neutral441.jpg,neutral,neutral
neutral442.jpg,neutral,neutral
neutral443.jpg,neutral,neutral
neutral444.jpg,neutral,neutral
neutral445.jpg,neutral,neutral
neutral447.jpg,neutral,neutral
neutral448.jpg,neutral,sad
neutral449.jpg,neutral,neutral
neutral45.jpg,neutral,sad
neutral450.jpg,neutral,neutral
neutral451.jpg,neutral,neutral
neutral452.jpg,neutral,neutral
neutral453.jpg,neutral,neutral
neutral454.jpg,neutral,neutral
neutral455.jpg,neutral,neutral
neutral456.jpg,neutral,neutral
neutral457.jpg,neutral,neutral
neutral458.jpg,neutral,neutral
neutral459.jpg,neutral,neutral
neutral46.jpg,neutral,angry
neutral460.jpg,neutral,sad
neutral461.jpg,neutral,neutral
neutral462.jpg,neutral,neutral
neutral463.jpg,neutral,happy
neutral464.jpg,neutral,fear
neutral465.jpg,neutral,neutral
neutral466.jpg,neutral,neutral
neutral467.jpg,neutral,neutral
neutral468.jpg,neutral,fear
neutral469.jpg,neutral,neutral
neutral47.jpg,neutral,surprise
neutral470.jpg,neutral,neutral
neutral471.jpg,neutral,neutral
neutral472.jpg,neutral,neutral
neutral473.jpg,neutral,sad
neutral474.jpg,neutral,neutral
neutral475.jpg,neutral,neutral
neutral476.jpg,neutral,neutral
neutral477.jpg,neutral,neutral
neutral478.jpg,neutral,sad
neutral479.jpg,neutral,neutral
neutral48.jpg,neutral,surprise
neutral480.jpg,neutral,neutral
neutral481.jpg,neutral,neutral
neutral482.jpg,neutral,neutral
neutral483.jpg,neutral,neutral
neutral484.jpg,neutral,neutral
neutral485.jpg,neutral,neutral
neutral486.jpg,neutral,sad
neutral487.jpg,neutral,neutral
neutral488.jpg,neutral,fear
neutral489.jpg,neutral,neutral
neutral49.jpg,neutral,fear
neutral490.jpg,neutral,neutral
neutral491.jpg,neutral,neutral
neutral492.jpg,neutral,neutral
neutral493.jpg,neutral,neutral
neutral494.jpg,neutral,neutral
neutral495.jpg,neutral,neutral
neutral496.jpg,neutral,neutral
neutral497.jpg,neutral,neutral
neutral498.jpg,neutral,neutral
neutral499.jpg,neutral,neutral
neutral5.jpg,neutral,sad
neutral50.jpg,neutral,angry
neutral501.jpg,neutral,neutral
neutral502.jpg,neutral,fear
neutral503.jpg,neutral,neutral
neutral504.jpg,neutral,sad
neutral505.jpg,neutral,sad
neutral506.jpg,neutral,neutral
neutral507.jpg,neutral,neutral
neutral508.jpg,neutral,neutral
neutral51.jpg,neutral,sad
neutral510.jpg,neutral,neutral
neutral511.jpg,neutral,neutral
neutral512.jpg,neutral,neutral
neutral513.jpg,neutral,neutral
neutral514.jpg,neutral,neutral
neutral515.jpg,neutral,neutral
neutral516.jpg,neutral,neutral
neutral517.jpg,neutral,neutral
neutral52.jpg,neutral,angry
neutral520.jpg,neutral,neutral
neutral521.jpg,neutral,neutral
neutral522.jpg,neutral,neutral
neutral523.jpg,neutral,sad
neutral524.jpg,neutral,neutral
neutral525.jpg,neutral,neutral
neutral526.jpg,neutral,neutral
neutral527.jpg,neutral,neutral
neutral528.jpg,neutral,neutral
neutral529.jpg,neutral,neutral
neutral53.jpg,neutral,fear
neutral530.jpg,neutral,happy
neutral531.jpg,neutral,happy
neutral532.jpg,neutral,neutral
neutral533.jpg,neutral,neutral
neutral534.jpg,neutral,neutral
neutral535.jpg,neutral,neutral
neutral536.jpg,neutral,neutral
neutral537.jpg,neutral,neutral
neutral539.jpg,neutral,happy
neutral54.jpg,neutral,surprise
neutral540.jpg,neutral,neutral
neutral541.jpg,neutral,neutral
neutral542.jpg,neutral,neutral
neutral544.jpg,neutral,neutral
neutral545.jpg,neutral,angry
neutral546.jpg,neutral,neutral
neutral55.jpg,neutral,surprise
neutral56.jpg,neutral,sad
neutral57.jpg,neutral,sad
neutral58.jpg,neutral,surprise
neutral59.jpg,neutral,sad
neutral6.jpg,neutral,fear
neutral60.jpg,neutral,surprise
neutral61.jpg,neutral,surprise
neutral62.jpg,neutral,sad
neutral63.jpg,neutral,angry
neutral64.jpg,neutral,disgust
neutral65.jpg,neutral,surprise
neutral66.jpg,neutral,sad
neutral67.jpg,neutral,disgust
neutral68.jpg,neutral,surprise
neutral69.jpg,neutral,surprise
neutral7.jpg,neutral,surprise
neutral70.jpg,neutral,surprise
neutral71.jpg,neutral,surprise
neutral72.jpg,neutral,angry
neutral73.jpg,neutral,angry
neutral74.jpg,neutral,neutral
neutral75.jpg,neutral,surprise
neutral76.jpg,neutral,surprise
neutral77.jpg,neutral,surprise
neutral78.jpg,neutral,neutral
neutral79.jpg,neutral,surprise
neutral8.jpg,neutral,angry
neutral80.jpg,neutral,angry
neutral81.jpg,neutral,sad
neutral82.jpg,neutral,angry
sad0.jpg,sad,sad
sad1.jpg,sad,sad
sad10.jpg,sad,angry
sad100.jpg,sad,angry
sad101.jpg,sad,sad
sad102.jpg,sad,surprise
sad103.jpg,sad,sad
sad104.jpg,sad,sad
sad105.jpg,sad,sad
sad106.jpg,sad,sad
sad107.jpg,sad,sad
sad108.jpg,sad,surprise
sad109.jpg,sad,sad
sad11.jpg,sad,sad
sad110.jpg,sad,disgust
sad111.jpg,sad,surprise
sad112.jpg,sad,surprise
sad113.jpg,sad,sad
sad114.jpg,sad,fear
sad115.jpg,sad,sad
sad116.jpg,sad,sad
sad117.jpg,sad,fear
sad118.jpg,sad,sad
sad119.jpg,sad,surprise
sad12.jpg,sad,sad
sad120.jpg,sad,sad
sad121.jpg,sad,surprise
sad122.jpg,sad,sad
sad123.jpg,sad,disgust
sad124.jpg,sad,sad
sad125.jpg,sad,fear
sad126.jpg,sad,sad
sad127.jpg,sad,sad
sad128.jpg,sad,sad
sad129.jpg,sad,sad
sad13.jpg,sad,sad
sad130.jpg,sad,sad
sad131.jpg,sad,sad
sad132.jpg,sad,disgust
sad133.jpg,sad,sad
sad134.jpg,sad,sad
sad135.jpg,sad,sad
sad136.jpg,sad,sad
sad137.jpg,sad,surprise
sad138.jpg,sad,sad
sad139.jpg,sad,sad
sad14.jpg,sad,sad
sad140.jpg,sad,sad
sad141.jpg,sad,angry
sad142.jpg,sad,sad
sad143.jpg,sad,sad
sad144.jpg,sad,sad
sad145.jpg,sad,disgust
sad146.jpg,sad,disgust
sad147.jpg,sad,sad
sad148.jpg,sad,sad
sad149.jpg,sad,surprise
sad15.jpg,sad,fear
sad150.jpg,sad,sad
sad151.jpg,sad,fear
sad152.jpg,sad,sad
sad153.jpg,sad,sad
sad154.jpg,sad,fear
sad155.jpg,sad,sad
sad156.jpg,sad,angry
sad157.jpg,sad,disgust
sad158.jpg,sad,fear
sad159.jpg,sad,sad
sad16.jpg,sad,sad
sad161.jpg,sad,sad
sad162.jpg,sad,sad
sad163.jpg,sad,sad
sad164.jpg,sad,angry
sad165.jpg,sad,fear
sad166.jpg,sad,sad
sad167.jpg,sad,sad
sad168.jpg,sad,fear
sad169.jpg,sad,sad
sad17.jpg,sad,sad
sad170.jpg,sad,sad
sad171.jpg,sad,sad
sad172.jpg,sad,sad
sad173.jpg,sad,angry
sad174.jpg,sad,sad
sad175.jpg,sad,sad
sad176.jpg,sad,sad
sad177.jpg,sad,sad
sad178.jpg,sad,sad
sad179.jpg,sad,sad
sad18.jpg,sad,disgust
sad180.jpg,sad,angry
sad181.jpg,sad,sad
sad182.jpg,sad,fear
sad183.jpg,sad,fear
sad184.jpg,sad,disgust
sad186.jpg,sad,sad
sad187.jpg,sad,sad
sad188.jpg,sad,sad
sad189.jpg,sad,sad
sad19.jpg,sad,sad
sad190.jpg,sad,sad
sad191.jpg,sad,sad
sad192.jpg,sad,surprise
sad193.jpg,sad,sad
sad194.jpg,sad,angry
sad195.jpg,sad,sad
sad196.jpg,sad,sad
sad197.jpg,sad,sad
sad198.jpg,sad,sad
sad199.jpg,sad,sad
sad2.jpg,sad,fear
sad20.jpg,sad,sad
sad200.jpg,sad,surprise
sad201.jpg,sad,angry
sad202.jpg,sad,sad
sad203.jpg,sad,disgust
sad204.jpg,sad,sad
sad205.jpg,sad,disgust
sad206.jpg,sad,sad
sad207.jpg,sad,sad
sad208.jpg,sad,disgust
sad209.jpg,sad,disgust
sad21.jpg,sad,disgust
sad210.jpg,sad,sad
sad211.jpg,sad,sad
sad212.jpg,sad,sad
sad213.jpg,sad,disgust
sad214.jpg,sad,disgust
sad215.jpg,sad,angry
sad216.jpg,sad,disgust
sad217.jpg,sad,disgust
sad218.jpg,sad,sad
sad219.jpg,sad,disgust
sad22.jpg,sad,surprise
sad220.jpg,sad,surprise
sad221.jpg,sad,angry
sad222.jpg,sad,disgust
sad223.jpg,sad,sad
sad224.jpg,sad,sad
sad225.jpg,sad,sad
sad226.jpg,sad,sad
sad227.jpg,sad,sad
sad228.jpg,sad,angry
sad229.jpg,sad,sad
sad23.jpg,sad,surprise
sad230.jpg,sad,sad
sad231.jpg,sad,sad
sad232.jpg,sad,fear
sad233.jpg,sad,sad
sad234.jpg,sad,fear
sad235.jpg,sad,sad
sad236.jpg,sad,sad
sad237.jpg,sad,sad
sad238.jpg,sad,sad
sad239.jpg,sad,disgust
sad24.jpg,sad,fear
sad240.jpg,sad,sad
sad241.jpg,sad,sad
sad242.jpg,sad,sad
sad243.jpg,sad,sad
sad244.jpg,sad,sad
sad245.jpg,sad,disgust
sad246.jpg,sad,sad
sad247.jpg,sad,sad
sad248.jpg,sad,sad
sad249.jpg,sad,surprise
sad25.jpg,sad,disgust
sad250.jpg,sad,sad
sad251.jpg,sad,angry
sad252.jpg,sad,sad
sad253.jpg,sad,disgust
sad254.jpg,sad,sad
sad255.jpg,sad,sad
sad256.jpg,sad,sad
sad257.jpg,sad,sad
sad258.jpg,sad,surprise
sad259.jpg,sad,sad
sad26.jpg,sad,surprise
sad260.jpg,sad,sad
sad261.jpg,sad,sad
sad262.jpg,sad,sad
sad263.jpg,sad,sad
sad264.jpg,sad,sad
sad265.jpg,sad,fear
sad266.jpg,sad,sad
sad267.jpg,sad,sad
sad268.jpg,sad,disgust
sad269.jpg,sad,sad
sad27.jpg,sad,sad
sad270.jpg,sad,sad
sad271.jpg,sad,sad
sad272.jpg,sad,surprise
sad273.jpg,sad,disgust
sad274.jpg,sad,surprise
sad275.jpg,sad,fear
sad276.jpg,sad,sad
sad277.jpg,sad,disgust
sad278.jpg,sad,disgust
sad279.jpg,sad,sad
sad28.jpg,sad,sad
sad280.jpg,sad,sad
sad281.jpg,sad,sad
sad282.jpg,sad,surprise
sad283.jpg,sad,sad
sad284.jpg,sad,sad
sad285.jpg,sad,sad
sad286.jpg,sad,sad
sad287.jpg,sad,sad
sad288.jpg,sad,sad
sad289.jpg,sad,sad
sad29.jpg,sad,sad
sad291.jpg,sad,sad
sad292.jpg,sad,sad
sad293.jpg,sad,fear
sad294.jpg,sad,sad
sad295.jpg,sad,sad
sad296.jpg,sad,fear
sad297.jpg,sad,sad
sad298.jpg,sad,sad
sad299.jpg,sad,sad
sad3.jpg,sad,sad
sad30.jpg,sad,sad
sad300.jpg,sad,sad
sad301.jpg,sad,sad
sad302.jpg,sad,sad
sad303.jpg,sad,sad
sad304.jpg,sad,sad
sad305.jpg,sad,disgust
sad306.jpg,sad,sad
sad307.jpg,sad,disgust
sad308.jpg,sad,sad
sad309.jpg,sad,sad
sad31.jpg,sad,sad
sad310.jpg,sad,sad
sad311.jpg,sad,sad
sad312.jpg,sad,sad
sad313.jpg,sad,surprise
sad314.jpg,sad,sad
sad315.jpg,sad,surprise
sad316.jpg,sad,sad
sad317.jpg,sad,sad
sad318.jpg,sad,angry
sad319.jpg,sad,disgust
sad32.jpg,sad,sad
sad320.jpg,sad,disgust
sad321.jpg,sad,surprise
sad322.jpg,sad,disgust
sad323.jpg,sad,sad
sad324.jpg,sad,sad
sad325.jpg,sad,sad
sad326.jpg,sad,sad
sad327.jpg,sad,disgust
sad328.jpg,sad,angry
sad329.jpg,sad,sad
sad33.jpg,sad,sad
sad330.jpg,sad,sad
sad331.jpg,sad,sad
sad332.jpg,sad,sad
sad333.jpg,sad,surprise
sad334.jpg,sad,sad
sad335.jpg,sad,sad
sad336.jpg,sad,sad
sad337.jpg,sad,sad
sad338.jpg,sad,sad
sad339.jpg,sad,surprise
sad34.jpg,sad,fear
sad340.jpg,sad,angry
sad341.jpg,sad,sad
sad342.jpg,sad,sad
sad343.jpg,sad,sad
sad344.jpg,sad,sad
sad345.jpg,sad,disgust
sad346.jpg,sad,surprise
sad347.jpg,sad,disgust
sad348.jpg,sad,angry
sad349.jpg,sad,sad
sad35.jpg,sad,sad
sad350.jpg,sad,disgust
sad351.jpg,sad,sad
sad352.jpg,sad,sad
sad353.jpg,sad,sad
sad354.jpg,sad,sad
sad355.jpg,sad,sad
sad356.jpg,sad,fear
sad357.jpg,sad,sad
sad358.jpg,sad,disgust
sad359.jpg,sad,sad
sad36.jpg,sad,sad
sad360.jpg,sad,sad
sad361.jpg,sad,sad
sad362.jpg,sad,surprise
sad363.jpg,sad,angry
sad365.jpg,sad,sad
sad366.jpg,sad,sad
sad367.jpg,sad,sad
sad368.jpg,sad,sad
sad369.jpg,sad,sad
sad37.jpg,sad,sad
sad370.jpg,sad,surprise
sad371.jpg,sad,sad
sad372.jpg,sad,sad
sad373.jpg,sad,sad
sad374.jpg,sad,sad
sad375.jpg,sad,disgust
sad376.jpg,sad,sad
sad377.jpg,sad,surprise
sad378.jpg,sad,sad
sad379.jpg,sad,sad
sad38.jpg,sad,surprise
sad380.jpg,sad,surprise
sad381.jpg,sad,sad
sad382.jpg,sad,sad
sad383.jpg,sad,surprise
sad384.jpg,sad,fear
sad385.jpg,sad,sad
sad386.jpg,sad,sad
sad387.jpg,sad,surprise
sad388.jpg,sad,surprise
sad389.jpg,sad,sad
sad39.jpg,sad,sad
sad390.jpg,sad,disgust
sad391.jpg,sad,sad
sad392.jpg,sad,sad
sad393.jpg,sad,sad
sad394.jpg,sad,sad
sad395.jpg,sad,sad
sad396.jpg,sad,sad
sad397.jpg,sad,disgust
sad398.jpg,sad,fear
sad399.jpg,sad,fear
sad4.jpg,sad,disgust
sad40.jpg,sad,surprise
sad400.jpg,sad,sad
sad401.jpg,sad,sad
sad402.jpg,sad,sad
sad403.jpg,sad,sad
sad404.jpg,sad,sad
sad405.jpg,sad,sad
sad406.jpg,sad,disgust
sad407.jpg,sad,sad
sad408.jpg,sad,sad
sad409.jpg,sad,sad
sad41.jpg,sad,fear
sad410.jpg,sad,fear
sad411.jpg,sad,sad
sad412.jpg,sad,disgust
sad413.jpg,sad,sad
sad414.jpg,sad,sad
sad415.jpg,sad,sad
sad416.jpg,sad,sad
sad417.jpg,sad,sad
sad418.jpg,sad,sad
sad419.jpg,sad,sad
sad42.jpg,sad,angry
sad420.jpg,sad,surprise
sad421.jpg,sad,sad
sad422.jpg,sad,sad
sad423.jpg,sad,sad
sad424.jpg,sad,sad
sad425.jpg,sad,sad
sad426.jpg,sad,angry
sad427.jpg,sad,sad
sad428.jpg,sad,sad
sad429.jpg,sad,disgust
sad43.jpg,sad,sad
sad430.jpg,sad,fear
sad431.jpg,sad,angry
sad432.jpg,sad,sad
sad433.jpg,sad,sad
sad434.jpg,sad,sad
sad435.jpg,sad,sad
sad436.jpg,sad,sad
sad437.jpg,sad,sad
sad438.jpg,sad,sad
sad439.jpg,sad,sad
sad44.jpg,sad,sad
sad440.jpg,sad,sad
sad441.jpg,sad,sad
sad442.jpg,sad,sad
sad443.jpg,sad,sad
sad444.jpg,sad,sad
sad445.jpg,sad,disgust
sad446.jpg,sad,sad
sad447.jpg,sad,sad
sad448.jpg,sad,sad
sad449.jpg,sad,disgust
sad45.jpg,sad,disgust
sad450.jpg,sad,sad
sad451.jpg,sad,sad
sad452.jpg,sad,sad
sad453.jpg,sad,sad
sad454.jpg,sad,sad
sad455.jpg,sad,sad
sad456.jpg,sad,disgust
sad457.jpg,sad,sad
sad458.jpg,sad,sad
sad459.jpg,sad,sad
sad46.jpg,sad,fear
sad460.jpg,sad,sad
sad461.jpg,sad,disgust
sad462.jpg,sad,sad
sad463.jpg,sad,surprise
sad464.jpg,sad,angry
sad465.jpg,sad,sad
sad466.jpg,sad,sad
sad467.jpg,sad,angry
sad468.jpg,sad,sad
sad469.jpg,sad,surprise
sad47.jpg,sad,sad
sad470.jpg,sad,sad
sad471.jpg,sad,surprise
sad472.jpg,sad,disgust
sad473.jpg,sad,fear
sad474.jpg,sad,sad
sad475.jpg,sad,sad
sad476.jpg,sad,disgust
sad477.jpg,sad,sad
sad478.jpg,sad,sad
sad479.jpg,sad,sad
sad48.jpg,sad,sad
sad480.jpg,sad,sad
sad481.jpg,sad,sad
sad482.jpg,sad,sad
sad483.jpg,sad,sad
sad484.jpg,sad,disgust
sad485.jpg,sad,sad
sad486.jpg,sad,sad
sad487.jpg,sad,sad
sad488.jpg,sad,sad
sad489.jpg,sad,sad
sad49.jpg,sad,sad
sad490.jpg,sad,sad
sad491.jpg,sad,fear
sad492.jpg,sad,sad
sad493.jpg,sad,sad
sad494.jpg,sad,sad
sad495.jpg,sad,sad
sad496.jpg,sad,sad
sad497.jpg,sad,sad
sad498.jpg,sad,sad
sad499.jpg,sad,sad
sad5.jpg,sad,sad
sad50.jpg,sad,sad
sad500.jpg,sad,disgust
sad501.jpg,sad,sad
sad502.jpg,sad,sad
sad503.jpg,sad,sad
sad504.jpg,sad,sad
sad505.jpg,sad,sad
sad506.jpg,sad,sad
sad507.jpg,sad,sad
sad508.jpg,sad,sad
sad509.jpg,sad,sad
sad51.jpg,sad,sad
sad510.jpg,sad,sad
sad511.jpg,sad,surprise
sad512.jpg,sad,fear
sad513.jpg,sad,fear
sad514.jpg,sad,sad
sad515.jpg,sad,sad
sad516.jpg,sad,surprise
sad517.jpg,sad,fear
sad518.jpg,sad,sad
sad519.jpg,sad,sad
sad52.jpg,sad,sad
sad520.jpg,sad,sad
sad521.jpg,sad,surprise
sad522.jpg,sad,surprise
sad523.jpg,sad,sad
sad524.jpg,sad,sad
sad525.jpg,sad,sad
sad526.jpg,sad,sad
sad527.jpg,sad,sad
sad528.jpg,sad,surprise
sad529.jpg,sad,sad
sad53.jpg,sad,sad
sad530.jpg,sad,sad
sad531.jpg,sad,surprise
sad532.jpg,sad,sad
sad533.jpg,sad,fear
sad534.jpg,sad,sad
sad535.jpg,sad,surprise
sad536.jpg,sad,sad
sad537.jpg,sad,disgust
sad538.jpg,sad,sad
sad539.jpg,sad,surprise
sad54.jpg,sad,sad
sad540.jpg,sad,sad
sad55.jpg,sad,surprise
sad56.jpg,sad,sad
sad57.jpg,sad,sad
sad58.jpg,sad,sad
sad59.jpg,sad,sad
sad6.jpg,sad,sad
sad60.jpg,sad,sad
sad61.jpg,sad,sad
sad62.jpg,sad,sad
sad63.jpg,sad,sad
sad65.jpg,sad,sad
sad66.jpg,sad,sad
surprise0.jpg,surprise,surprise
surprise1.jpg,surprise,surprise
surprise10.jpg,surprise,surprise
surprise100.jpg,surprise,surprise
surprise101.jpg,surprise,fear
surprise102.jpg,surprise,surprise
surprise103.jpg,surprise,fear
surprise104.jpg,surprise,surprise
surprise105.jpg,surprise,surprise
surprise106.jpg,surprise,fear
surprise107.jpg,surprise,surprise
surprise108.jpg,surprise,surprise
surprise109.jpg,surprise,surprise
surprise11.jpg,surprise,surprise
surprise110.jpg,surprise,surprise
surprise111.jpg,surprise,surprise
surprise112.jpg,surprise,fear
surprise113.jpg,surprise,surprise
surprise115.jpg,surprise,surprise
surprise116.jpg,surprise,surprise
surprise117.jpg,surprise,surprise
surprise118.jpg,surprise,fear
surprise119.jpg,surprise,surprise
surprise12.jpg,surprise,fear
surprise120.jpg,surprise,surprise
surprise121.jpg,surprise,surprise
surprise122.jpg,surprise,angry
surprise123.jpg,surprise,fear
surprise124.jpg,surprise,surprise
surprise125.jpg,surprise,surprise
surprise127.jpg,surprise,fear
surprise128.jpg,surprise,surprise
surprise129.jpg,surprise,surprise
surprise13.jpg,surprise,surprise
surprise130.jpg,surprise,fear
surprise131.jpg,surprise,surprise
surprise132.jpg,surprise,fear
surprise134.jpg,surprise,surprise
surprise135.jpg,surprise,surprise
surprise136.jpg,surprise,surprise
surprise137.jpg,surprise,surprise
surprise138.jpg,surprise,surprise
surprise139.jpg,surprise,sad
surprise14.jpg,surprise,surprise
surprise140.jpg,surprise,surprise
surprise141.jpg,surprise,surprise
surprise142.jpg,surprise,surprise
surprise143.jpg,surprise,surprise
surprise144.jpg,surprise,fear
surprise145.jpg,surprise,surprise
surprise146.jpg,surprise,surprise
surprise147.jpg,surprise,surprise
surprise148.jpg,surprise,angry
surprise149.jpg,surprise,surprise
surprise15.jpg,surprise,surprise
surprise150.jpg,surprise,surprise
surprise152.jpg,surprise,surprise
surprise153.jpg,surprise,surprise
surprise154.jpg,surprise,surprise
surprise155.jpg,surprise,fear
surprise156.jpg,surprise,surprise
surprise157.jpg,surprise,surprise
surprise158.jpg,surprise,surprise
surprise159.jpg,surprise,surprise
surprise16.jpg,surprise,surprise
surprise160.jpg,surprise,surprise
surprise161.jpg,surprise,surprise
surprise162.jpg,surprise,surprise
surprise163.jpg,surprise,surprise
surprise164.jpg,surprise,surprise
surprise165.jpg,surprise,surprise
surprise166.jpg,surprise,fear
surprise167.jpg,surprise,surprise
surprise168.jpg,surprise,fear
surprise170.jpg,surprise,surprise
surprise171.jpg,surprise,fear
surprise172.jpg,surprise,surprise
surprise173.jpg,surprise,surprise
surprise174.jpg,surprise,surprise
surprise175.jpg,surprise,sad
surprise176.jpg,surprise,surprise
surprise177.jpg,surprise,surprise
surprise178.jpg,surprise,surprise
surprise179.jpg,surprise,surprise
surprise18.jpg,surprise,surprise
surprise180.jpg,surprise,disgust
surprise181.jpg,surprise,surprise
surprise182.jpg,surprise,surprise
surprise183.jpg,surprise,surprise
surprise184.jpg,surprise,surprise
surprise185.jpg,surprise,surprise
surprise186.jpg,surprise,sad
surprise188.jpg,surprise,fear
surprise189.jpg,surprise,surprise
surprise19.jpg,surprise,surprise
surprise190.jpg,surprise,surprise
surprise191.jpg,surprise,surprise
surprise192.jpg,surprise,surprise
surprise193.jpg,surprise,surprise
surprise194.jpg,surprise,surprise
surprise195.jpg,surprise,surprise
surprise196.jpg,surprise,surprise
surprise197.jpg,surprise,surprise
surprise198.jpg,surprise,surprise
surprise199.jpg,surprise,surprise
surprise2.jpg,surprise,surprise
surprise20.jpg,surprise,surprise
surprise200.jpg,surprise,surprise
surprise201.jpg,surprise,sad
surprise202.jpg,surprise,surprise
surprise203.jpg,surprise,fear
surprise204.jpg,surprise,surprise
surprise206.jpg,surprise,surprise
surprise207.jpg,surprise,surprise
surprise208.jpg,surprise,surprise
surprise209.jpg,surprise,surprise
surprise21.jpg,surprise,surprise
surprise210.jpg,surprise,surprise
surprise211.jpg,surprise,surprise
surprise212.jpg,surprise,surprise
surprise213.jpg,surprise,surprise
surprise214.jpg,surprise,surprise
surprise215.jpg,surprise,surprise
surprise216.jpg,surprise,surprise
surprise217.jpg,surprise,surprise
surprise218.jpg,surprise,surprise
surprise219.jpg,surprise,surprise
surprise22.jpg,surprise,surprise
surprise220.jpg,surprise,surprise
surprise221.jpg,surprise,disgust
surprise222.jpg,surprise,surprise
surprise224.jpg,surprise,disgust
surprise225.jpg,surprise,surprise
surprise226.jpg,surprise,surprise
surprise227.jpg,surprise,surprise
surprise228.jpg,surprise,surprise
surprise229.jpg,surprise,surprise
surprise23.jpg,surprise,surprise
surprise230.jpg,surprise,surprise
surprise231.jpg,surprise,surprise
surprise232.jpg,surprise,surprise
surprise233.jpg,surprise,surprise
surprise234.jpg,surprise,surprise
surprise235.jpg,surprise,surprise
surprise236.jpg,surprise,surprise
surprise237.jpg,surprise,sad
surprise238.jpg,surprise,fear
surprise239.jpg,surprise,surprise
surprise24.jpg,surprise,surprise
surprise240.jpg,surprise,sad
surprise242.jpg,surprise,fear
surprise243.jpg,surprise,surprise
surprise244.jpg,surprise,surprise
surprise245.jpg,surprise,surprise
surprise246.jpg,surprise,surprise
surprise247.jpg,surprise,surprise
surprise248.jpg,surprise,surprise
surprise249.jpg,surprise,surprise
surprise25.jpg,surprise,surprise
surprise250.jpg,surprise,surprise
surprise251.jpg,surprise,surprise
surprise252.jpg,surprise,fear
surprise253.jpg,surprise,surprise
surprise254.jpg,surprise,surprise
surprise255.jpg,surprise,fear
surprise256.jpg,surprise,surprise
surprise257.jpg,surprise,surprise
surprise258.jpg,surprise,fear
surprise26.jpg,surprise,surprise
surprise260.jpg,surprise,surprise
surprise261.jpg,surprise,surprise
surprise262.jpg,surprise,surprise
surprise263.jpg,surprise,surprise
surprise264.jpg,surprise,surprise
surprise265.jpg,surprise,surprise
surprise266.jpg,surprise,surprise
surprise267.jpg,surprise,surprise
surprise268.jpg,surprise,surprise
surprise269.jpg,surprise,fear
surprise27.jpg,surprise,sad
surprise270.jpg,surprise,surprise
surprise271.jpg,surprise,surprise
surprise272.jpg,surprise,surprise
surprise273.jpg,surprise,surprise
surprise274.jpg,surprise,surprise
surprise275.jpg,surprise,neutral
surprise276.jpg,surprise,surprise
surprise278.jpg,surprise,surprise
surprise279.jpg,surprise,surprise
surprise28.jpg,surprise,sad
surprise280.jpg,surprise,surprise
surprise281.jpg,surprise,surprise
surprise282.jpg,surprise,surprise
surprise283.jpg,surprise,surprise
surprise284.jpg,surprise,surprise
surprise285.jpg,surprise,surprise
surprise286.jpg,surprise,surprise
surprise287.jpg,surprise,angry
surprise288.jpg,surprise,surprise
surprise289.jpg,surprise,surprise
surprise29.jpg,surprise,surprise
surprise290.jpg,surprise,surprise
surprise291.jpg,surprise,surprise
surprise292.jpg,surprise,surprise
surprise293.jpg,surprise,surprise
surprise294.jpg,surprise,surprise
surprise296.jpg,surprise,surprise
surprise297.jpg,surprise,fear
surprise298.jpg,surprise,surprise
surprise299.jpg,surprise,sad
surprise3.jpg,surprise,surprise
surprise30.jpg,surprise,surprise
surprise300.jpg,surprise,surprise
surprise301.jpg,surprise,surprise
surprise302.jpg,surprise,surprise
surprise303.jpg,surprise,surprise
surprise304.jpg,surprise,surprise
surprise305.jpg,surprise,surprise
surprise306.jpg,surprise,surprise
surprise307.jpg,surprise,surprise
surprise308.jpg,surprise,surprise
surprise309.jpg,surprise,fear
surprise31.jpg,surprise,surprise
surprise310.jpg,surprise,fear
surprise311.jpg,surprise,surprise
surprise312.jpg,surprise,surprise
surprise314.jpg,surprise,surprise
surprise315.jpg,surprise,sad
surprise316.jpg,surprise,fear
surprise317.jpg,surprise,surprise
surprise318.jpg,surprise,surprise
surprise319.jpg,surprise,surprise
surprise32.jpg,surprise,surprise
surprise320.jpg,surprise,surprise
surprise322.jpg,surprise,surprise
surprise323.jpg,surprise,surprise
surprise324.jpg,surprise,surprise
surprise325.jpg,surprise,surprise
surprise326.jpg,surprise,surprise
surprise327.jpg,surprise,surprise
surprise328.jpg,surprise,surprise
surprise329.jpg,surprise,surprise
surprise33.jpg,surprise,surprise
surprise330.jpg,surprise,fear
surprise331.jpg,surprise,surprise
surprise333.jpg,surprise,surprise
surprise334.jpg,surprise,surprise
surprise335.jpg,surprise,surprise
surprise336.jpg,surprise,surprise
surprise337.jpg,surprise,surprise
surprise338.jpg,surprise,surprise
surprise339.jpg,surprise,surprise
surprise34.jpg,surprise,surprise
surprise340.jpg,surprise,surprise
surprise341.jpg,surprise,surprise
surprise342.jpg,surprise,surprise
surprise343.jpg,surprise,surprise
surprise344.jpg,surprise,surprise
surprise345.jpg,surprise,surprise
surprise346.jpg,surprise,surprise
surprise347.jpg,surprise,surprise
surprise348.jpg,surprise,surprise
surprise349.jpg,surprise,surprise
surprise351.jpg,surprise,surprise
surprise352.jpg,surprise,surprise
surprise353.jpg,surprise,surprise
surprise354.jpg,surprise,surprise
surprise355.jpg,surprise,surprise
surprise356.jpg,surprise,surprise
surprise357.jpg,surprise,surprise
surprise358.jpg,surprise,sad
surprise359.jpg,surprise,surprise
surprise36.jpg,surprise,surprise
surprise360.jpg,surprise,surprise
surprise361.jpg,surprise,surprise
surprise362.jpg,surprise,surprise
surprise363.jpg,surprise,surprise
surprise364.jpg,surprise,surprise
surprise365.jpg,surprise,surprise
surprise366.jpg,surprise,surprise
surprise367.jpg,surprise,surprise
surprise369.jpg,surprise,surprise
surprise37.jpg,surprise,surprise
surprise370.jpg,surprise,fear
surprise371.jpg,surprise,surprise
surprise372.jpg,surprise,surprise
surprise373.jpg,surprise,surprise
surprise374.jpg,surprise,surprise
surprise375.jpg,surprise,fear
surprise376.jpg,surprise,surprise
surprise377.jpg,surprise,surprise
surprise378.jpg,surprise,surprise
surprise379.jpg,surprise,surprise
surprise38.jpg,surprise,surprise
surprise380.jpg,surprise,surprise
surprise381.jpg,surprise,surprise
surprise382.jpg,surprise,surprise
surprise383.jpg,surprise,surprise
surprise384.jpg,surprise,surprise
surprise385.jpg,surprise,surprise
surprise387.jpg,surprise,fear
surprise388.jpg,surprise,surprise
surprise389.jpg,surprise,surprise
surprise39.jpg,surprise,surprise
surprise390.jpg,surprise,surprise
surprise391.jpg,surprise,surprise
surprise392.jpg,surprise,surprise
surprise393.jpg,surprise,disgust
surprise394.jpg,surprise,fear
surprise395.jpg,surprise,surprise
surprise396.jpg,surprise,surprise
surprise397.jpg,surprise,surprise
surprise398.jpg,surprise,surprise
surprise399.jpg,surprise,surprise
surprise4.jpg,surprise,surprise
surprise40.jpg,surprise,surprise
surprise400.jpg,surprise,surprise
surprise401.jpg,surprise,surprise
surprise402.jpg,surprise,surprise
surprise403.jpg,surprise,surprise
surprise405.jpg,surprise,angry
surprise406.jpg,surprise,surprise
surprise407.jpg,surprise,surprise
surprise408.jpg,surprise,fear
surprise409.jpg,surprise,surprise
surprise41.jpg,surprise,surprise
surprise410.jpg,surprise,surprise
surprise411.jpg,surprise,sad
surprise412.jpg,surprise,fear
surprise413.jpg,surprise,surprise
surprise414.jpg,surprise,surprise
surprise415.jpg,surprise,fear
surprise416.jpg,surprise,fear
surprise417.jpg,surprise,surprise
surprise418.jpg,surprise,surprise
surprise419.jpg,surprise,surprise
surprise42.jpg,surprise,fear
surprise420.jpg,surprise,surprise
surprise421.jpg,surprise,surprise
surprise423.jpg,surprise,surprise
surprise424.jpg,surprise,surprise
surprise425.jpg,surprise,surprise
surprise426.jpg,surprise,surprise
surprise427.jpg,surprise,surprise
surprise428.jpg,surprise,surprise
surprise429.jpg,surprise,surprise
surprise43.jpg,surprise,surprise
surprise430.jpg,surprise,surprise
surprise431.jpg,surprise,surprise
surprise432.jpg,surprise,surprise
surprise433.jpg,surprise,surprise
surprise434.jpg,surprise,surprise
surprise435.jpg,surprise,surprise
surprise436.jpg,surprise,surprise
surprise437.jpg,surprise,surprise
surprise438.jpg,surprise,surprise
surprise439.jpg,surprise,surprise
surprise44.jpg,surprise,surprise
surprise441.jpg,surprise,surprise
surprise442.jpg,surprise,disgust
surprise443.jpg,surprise,surprise
surprise444.jpg,surprise,surprise
surprise445.jpg,surprise,surprise
surprise446.jpg,surprise,fear
surprise447.jpg,surprise,surprise
surprise448.jpg,surprise,surprise
surprise449.jpg,surprise,surprise
surprise45.jpg,surprise,surprise
surprise450.jpg,surprise,surprise
surprise451.jpg,surprise,surprise
surprise452.jpg,surprise,surprise
surprise453.jpg,surprise,surprise
surprise454.jpg,surprise,surprise
surprise455.jpg,surprise,surprise
surprise456.jpg,surprise,surprise
surprise457.jpg,surprise,surprise
surprise459.jpg,surprise,surprise
surprise46.jpg,surprise,surprise
surprise460.jpg,surprise,surprise
surprise461.jpg,surprise,fear
surprise462.jpg,surprise,surprise
surprise463.jpg,surprise,surprise
surprise464.jpg,surprise,surprise
surprise465.jpg,surprise,surprise
surprise466.jpg,surprise,surprise
surprise467.jpg,surprise,surprise
surprise468.jpg,surprise,surprise
surprise469.jpg,surprise,surprise
surprise47.jpg,surprise,surprise
surprise470.jpg,surprise,surprise
surprise471.jpg,surprise,surprise
surprise472.jpg,surprise,surprise
surprise473.jpg,surprise,surprise
surprise474.jpg,surprise,surprise
surprise475.jpg,surprise,surprise
surprise477.jpg,surprise,surprise
surprise478.jpg,surprise,fear
surprise479.jpg,surprise,surprise
surprise48.jpg,surprise,surprise
surprise480.jpg,surprise,surprise
surprise481.jpg,surprise,surprise
surprise482.jpg,surprise,surprise
surprise483.jpg,surprise,surprise
surprise484.jpg,surprise,fear
surprise485.jpg,surprise,surprise
surprise486.jpg,surprise,surprise
surprise487.jpg,surprise,surprise
surprise488.jpg,surprise,surprise
surprise489.jpg,surprise,surprise
surprise49.jpg,surprise,surprise
surprise490.jpg,surprise,surprise
surprise491.jpg,surprise,surprise
surprise492.jpg,surprise,angry
surprise493.jpg,surprise,surprise
surprise495.jpg,surprise,surprise
surprise496.jpg,surprise,surprise
surprise497.jpg,surprise,surprise
surprise498.jpg,surprise,surprise
surprise499.jpg,surprise,surprise
surprise5.jpg,surprise,surprise
surprise50.jpg,surprise,surprise
surprise500.jpg,surprise,surprise
surprise501.jpg,surprise,surprise
surprise502.jpg,surprise,surprise
surprise503.jpg,surprise,surprise
surprise504.jpg,surprise,surprise
surprise505.jpg,surprise,surprise
surprise506.jpg,surprise,surprise
surprise507.jpg,surprise,surprise
surprise508.jpg,surprise,surprise
surprise509.jpg,surprise,surprise
surprise51.jpg,surprise,surprise
surprise510.jpg,surprise,surprise
surprise511.jpg,surprise,sad
surprise513.jpg,surprise,fear
surprise514.jpg,surprise,surprise
surprise515.jpg,surprise,fear
surprise516.jpg,surprise,surprise
surprise517.jpg,surprise,surprise
surprise518.jpg,surprise,surprise
surprise519.jpg,surprise,surprise
surprise52.jpg,surprise,surprise
surprise520.jpg,surprise,surprise
surprise521.jpg,surprise,surprise
surprise522.jpg,surprise,surprise
surprise523.jpg,surprise,surprise
surprise524.jpg,surprise,surprise
surprise525.jpg,surprise,surprise
surprise526.jpg,surprise,surprise
surprise527.jpg,surprise,surprise
surprise528.jpg,surprise,surprise
surprise529.jpg,surprise,surprise
surprise531.jpg,surprise,surprise
surprise532.jpg,surprise,surprise
surprise533.jpg,surprise,surprise
surprise534.jpg,surprise,surprise
surprise535.jpg,surprise,surprise
surprise536.jpg,surprise,fear
surprise537.jpg,surprise,angry
surprise54.jpg,surprise,surprise
surprise55.jpg,surprise,surprise
surprise56.jpg,surprise,fear
surprise57.jpg,surprise,surprise
surprise58.jpg,surprise,surprise
surprise59.jpg,surprise,surprise
surprise6.jpg,surprise,surprise
surprise60.jpg,surprise,fear
surprise61.jpg,surprise,surprise
surprise62.jpg,surprise,surprise
surprise63.jpg,surprise,surprise
surprise64.jpg,surprise,surprise
surprise65.jpg,surprise,surprise
surprise66.jpg,surprise,surprise
surprise67.jpg,surprise,surprise
surprise68.jpg,surprise,surprise
surprise69.jpg,surprise,surprise
surprise7.jpg,surprise,surprise
surprise70.jpg,surprise,surprise
surprise72.jpg,surprise,surprise
surprise73.jpg,surprise,surprise
surprise74.jpg,surprise,surprise
surprise75.jpg,surprise,surprise
surprise76.jpg,surprise,surprise
surprise77.jpg,surprise,surprise
surprise78.jpg,surprise,surprise
surprise79.jpg,surprise,surprise
surprise8.jpg,surprise,surprise
surprise80.jpg,surprise,surprise
surprise81.jpg,surprise,surprise
surprise82.jpg,surprise,surprise
surprise83.jpg,surprise,surprise
surprise84.jpg,surprise,surprise
surprise85.jpg,surprise,surprise
surprise86.jpg,surprise,surprise
surprise87.jpg,surprise,surprise
surprise88.jpg,surprise,fear
surprise9.jpg,surprise,surprise
surprise90.jpg,surprise,surprise
surprise91.jpg,surprise,surprise
surprise92.jpg,surprise,surprise
